Train,Direction,Type,Station,Time
237N,northbound,Local,Tamien,573
237N,northbound,Local,San Jose,580
237N,northbound,Local,Santa Clara,585
237N,northbound,Local,Lawrence,590
237N,northbound,Local,Sunnyvale,594
237N,northbound,Local,Mountain View,599
237N,northbound,Local,San Antonio,603
237N,northbound,Local,California Ave,607
237N,northbound,Local,Palo Alto,611
237N,northbound,Local,Menlo Park,614
237N,northbound,Local,Redwood City,619
237N,northbound,Local,San Carlos,623
237N,northbound,Local,Belmont,626
237N,northbound,Local,Hillsdale,629
237N,northbound,Local,San Mateo,633
237N,northbound,Local,Burlingame,636
237N,northbound,Local,Millbrae,641
237N,northbound,Local,San Bruno,645
237N,northbound,Local,San Francisco,662
225N,northbound,Local,San Jose,470
225N,northbound,Local,Sunnyvale,480
225N,northbound,Local,Mountain View,485
225N,northbound,Local,California Ave,491
225N,northbound,Local,Palo Alto,496
225N,northbound,Local,San Carlos,504
225N,northbound,Local,Hillsdale,508
225N,northbound,Local,San Mateo,512
225N,northbound,Local,Burlingame,515
225N,northbound,Local,San Bruno,522
225N,northbound,Local,San Francisco,537
275N,northbound,Local,San Jose,1051
275N,northbound,Local,Lawrence,1059
275N,northbound,Local,Mountain View,1066
275N,northbound,Local,Palo Alto,1074
275N,northbound,Local,Menlo Park,1077
275N,northbound,Local,San Carlos,1084
275N,northbound,Local,Hillsdale,1088
275N,northbound,Local,San Mateo,1092
275N,northbound,Local,Burlingame,1095
275N,northbound,Local,San Bruno,1102
275N,northbound,Local,San Francisco,1119
231N,northbound,Local,San Jose,502
231N,northbound,Local,Santa Clara,507
231N,northbound,Local,Mountain View,517
231N,northbound,Local,Menlo Park,525
231N,northbound,Local,Redwood City,531
231N,northbound,Local,San Carlos,535
231N,northbound,Local,Belmont,538
231N,northbound,Local,Hillsdale,542
231N,northbound,Local,Hayward Park,545
231N,northbound,Local,San Mateo,548
231N,northbound,Local,Burlingame,551
231N,northbound,Local,Millbrae,557
231N,northbound,Local,San Bruno,561
231N,northbound,Local,So. San Francisco,565
231N,northbound,Local,Bayshore,571
231N,northbound,Local,22nd Street,577
231N,northbound,Local,San Francisco,585
151N,northbound,Limited,San Jose,790
151N,northbound,Limited,Santa Clara,795
151N,northbound,Limited,Lawrence,800
151N,northbound,Limited,Sunnyvale,804
151N,northbound,Limited,Mountain View,809
151N,northbound,Limited,San Antonio,813
151N,northbound,Limited,California Ave,817
151N,northbound,Limited,Palo Alto,821
151N,northbound,Limited,Menlo Park,824
151N,northbound,Limited,Redwood City,829
151N,northbound,Limited,San Carlos,833
151N,northbound,Limited,Belmont,836
151N,northbound,Limited,Hillsdale,839
151N,northbound,Limited,Hayward Park,842
151N,northbound,Limited,San Mateo,845
151N,northbound,Limited,Burlingame,848
151N,northbound,Limited,Millbrae,853
151N,northbound,Limited,San Bruno,857
151N,northbound,Limited,So. San Francisco,861
151N,northbound,Limited,Bayshore,867
151N,northbound,Limited,22nd Street,872
151N,northbound,Limited,San Francisco,881
221N,northbound,Local,Gilroy,390
221N,northbound,Local,San Martin,399
221N,northbound,Local,Morgan Hill,405
221N,northbound,Local,Blossom Hill,418
221N,northbound,Local,Capitol,424
221N,northbound,Local,Tamien,432
221N,northbound,Local,San Jose,440
221N,northbound,Local,Santa Clara,445
221N,northbound,Local,Lawrence,450
221N,northbound,Local,Mountain View,457
221N,northbound,Local,Menlo Park,465
221N,northbound,Local,Redwood City,471
221N,northbound,Local,San Carlos,475
221N,northbound,Local,Belmont,478
221N,northbound,Local,Hillsdale,482
221N,northbound,Local,Hayward Park,485
221N,northbound,Local,San Mateo,488
221N,northbound,Local,Burlingame,491
221N,northbound,Local,Millbrae,497
221N,northbound,Local,San Bruno,501
221N,northbound,Local,So. San Francisco,505
221N,northbound,Local,Bayshore,513
221N,northbound,Local,22nd Street,520
221N,northbound,Local,San Francisco,528
313N,northbound,Bullet,San Jose,405
313N,northbound,Bullet,Mountain View,417
313N,northbound,Bullet,Palo Alto,425
313N,northbound,Bullet,Hillsdale,436
313N,northbound,Bullet,Millbrae,444
313N,northbound,Bullet,San Francisco,462
159N,northbound,Limited,San Jose,905
159N,northbound,Limited,College Park,908
159N,northbound,Limited,Santa Clara,912
159N,northbound,Limited,Lawrence,917
159N,northbound,Limited,Sunnyvale,921
159N,northbound,Limited,Mountain View,926
159N,northbound,Limited,San Antonio,930
159N,northbound,Limited,California Ave,934
159N,northbound,Limited,Palo Alto,938
159N,northbound,Limited,Menlo Park,941
159N,northbound,Limited,Redwood City,946
159N,northbound,Limited,San Carlos,950
159N,northbound,Limited,Belmont,953
159N,northbound,Limited,Hillsdale,956
159N,northbound,Limited,Hayward Park,959
159N,northbound,Limited,San Mateo,962
159N,northbound,Limited,Burlingame,965
159N,northbound,Limited,Millbrae,970
159N,northbound,Limited,San Bruno,974
159N,northbound,Limited,So. San Francisco,978
159N,northbound,Limited,Bayshore,984
159N,northbound,Limited,22nd Street,989
159N,northbound,Limited,San Francisco,998
135N,northbound,Limited,San Jose,550
135N,northbound,Limited,Santa Clara,555
135N,northbound,Limited,Lawrence,560
135N,northbound,Limited,Sunnyvale,564
135N,northbound,Limited,Mountain View,569
135N,northbound,Limited,San Antonio,573
135N,northbound,Limited,California Ave,577
135N,northbound,Limited,Palo Alto,581
135N,northbound,Limited,Menlo Park,584
135N,northbound,Limited,Redwood City,589
135N,northbound,Limited,San Carlos,593
135N,northbound,Limited,Belmont,596
135N,northbound,Limited,Hillsdale,599
135N,northbound,Limited,Hayward Park,602
135N,northbound,Limited,San Mateo,605
135N,northbound,Limited,Burlingame,608
135N,northbound,Limited,Millbrae,613
135N,northbound,Limited,San Bruno,617
135N,northbound,Limited,So. San Francisco,621
135N,northbound,Limited,Bayshore,627
135N,northbound,Limited,22nd Street,632
135N,northbound,Limited,San Francisco,641
383N,northbound,Bullet,San Jose,1105
383N,northbound,Bullet,Mountain View,1117
383N,northbound,Bullet,Menlo Park,1126
383N,northbound,Bullet,Redwood City,1132
383N,northbound,Bullet,Millbrae,1145
383N,northbound,Bullet,22nd Street,1157
383N,northbound,Bullet,San Francisco,1164
281N,northbound,Local,Tamien,1078
281N,northbound,Local,San Jose,1085
281N,northbound,Local,Santa Clara,1090
281N,northbound,Local,Palo Alto,1104
281N,northbound,Local,Redwood City,1111
281N,northbound,Local,San Carlos,1115
281N,northbound,Local,Belmont,1118
281N,northbound,Local,Hillsdale,1122
281N,northbound,Local,Hayward Park,1125
281N,northbound,Local,San Mateo,1128
281N,northbound,Local,Burlingame,1131
281N,northbound,Local,Millbrae,1137
281N,northbound,Local,San Bruno,1141
281N,northbound,Local,So. San Francisco,1145
281N,northbound,Local,Bayshore,1153
281N,northbound,Local,22nd Street,1161
281N,northbound,Local,San Francisco,1169
285N,northbound,Local,Tamien,1104
285N,northbound,Local,San Jose,1111
285N,northbound,Local,Lawrence,1119
285N,northbound,Local,Mountain View,1126
285N,northbound,Local,Palo Alto,1134
285N,northbound,Local,Menlo Park,1137
285N,northbound,Local,San Carlos,1144
285N,northbound,Local,Hillsdale,1148
285N,northbound,Local,San Mateo,1152
285N,northbound,Local,Burlingame,1155
285N,northbound,Local,San Bruno,1162
285N,northbound,Local,San Francisco,1179
103N,northbound,Limited,Tamien,298
103N,northbound,Limited,San Jose,305
103N,northbound,Limited,Santa Clara,310
103N,northbound,Limited,Lawrence,315
103N,northbound,Limited,Sunnyvale,319
103N,northbound,Limited,Mountain View,324
103N,northbound,Limited,San Antonio,328
103N,northbound,Limited,California Ave,332
103N,northbound,Limited,Palo Alto,336
103N,northbound,Limited,Menlo Park,339
103N,northbound,Limited,Redwood City,344
103N,northbound,Limited,San Carlos,348
103N,northbound,Limited,Belmont,351
103N,northbound,Limited,Hillsdale,354
103N,northbound,Limited,Hayward Park,357
103N,northbound,Limited,San Mateo,360
103N,northbound,Limited,Burlingame,363
103N,northbound,Limited,Millbrae,368
103N,northbound,Limited,San Bruno,372
103N,northbound,Limited,So. San Francisco,376
103N,northbound,Limited,Bayshore,382
103N,northbound,Limited,22nd Street,387
103N,northbound,Limited,San Francisco,396
215N,northbound,Local,San Jose,410
215N,northbound,Local,Sunnyvale,420
215N,northbound,Local,Mountain View,425
215N,northbound,Local,California Ave,431
215N,northbound,Local,Palo Alto,436
215N,northbound,Local,San Carlos,444
215N,northbound,Local,Hillsdale,448
215N,northbound,Local,San Mateo,452
215N,northbound,Local,Burlingame,455
215N,northbound,Local,San Bruno,462
215N,northbound,Local,San Francisco,477
369N,northbound,Bullet,San Jose,1005
369N,northbound,Bullet,Mountain View,1018
369N,northbound,Bullet,Palo Alto,1026
369N,northbound,Bullet,Hillsdale,1037
369N,northbound,Bullet,Millbrae,1045
369N,northbound,Bullet,22nd Street,1057
369N,northbound,Bullet,San Francisco,1064
379N,northbound,Bullet,San Jose,1065
379N,northbound,Bullet,Mountain View,1078
379N,northbound,Bullet,Palo Alto,1086
379N,northbound,Bullet,Hillsdale,1097
379N,northbound,Bullet,Millbrae,1105
379N,northbound,Bullet,22nd Street,1117
379N,northbound,Bullet,San Francisco,1124
195N,northbound,Limited,Tamien,1283
195N,northbound,Limited,San Jose,1290
195N,northbound,Limited,Santa Clara,1295
195N,northbound,Limited,Lawrence,1300
195N,northbound,Limited,Sunnyvale,1304
195N,northbound,Limited,Mountain View,1309
195N,northbound,Limited,San Antonio,1313
195N,northbound,Limited,California Ave,1317
195N,northbound,Limited,Palo Alto,1321
195N,northbound,Limited,Menlo Park,1324
195N,northbound,Limited,Redwood City,1329
195N,northbound,Limited,San Carlos,1333
195N,northbound,Limited,Belmont,1336
195N,northbound,Limited,Hillsdale,1339
195N,northbound,Limited,Hayward Park,1342
195N,northbound,Limited,San Mateo,1345
195N,northbound,Limited,Burlingame,1348
195N,northbound,Limited,Millbrae,1353
195N,northbound,Limited,San Bruno,1357
195N,northbound,Limited,So. San Francisco,1361
195N,northbound,Limited,Bayshore,1367
195N,northbound,Limited,22nd Street,1372
195N,northbound,Limited,San Francisco,1381
365N,northbound,Bullet,San Jose,985
365N,northbound,Bullet,Mountain View,997
365N,northbound,Bullet,Menlo Park,1006
365N,northbound,Bullet,Redwood City,1012
365N,northbound,Bullet,Millbrae,1025
365N,northbound,Bullet,22nd Street,1037
365N,northbound,Bullet,San Francisco,1044
261N,northbound,Local,Tamien,937
261N,northbound,Local,San Jose,944
261N,northbound,Local,Santa Clara,949
261N,northbound,Local,Lawrence,954
261N,northbound,Local,Sunnyvale,958
261N,northbound,Local,Mountain View,963
261N,northbound,Local,San Antonio,967
261N,northbound,Local,California Ave,971
261N,northbound,Local,Palo Alto,976
261N,northbound,Local,Menlo Park,979
261N,northbound,Local,Redwood City,985
261N,northbound,Local,San Carlos,989
261N,northbound,Local,San Mateo,996
261N,northbound,Local,Millbrae,1003
261N,northbound,Local,22nd Street,1015
261N,northbound,Local,San Francisco,1023
271N,northbound,Local,Tamien,1018
271N,northbound,Local,San Jose,1025
271N,northbound,Local,Santa Clara,1030
271N,northbound,Local,Palo Alto,1044
271N,northbound,Local,Redwood City,1051
271N,northbound,Local,San Carlos,1055
271N,northbound,Local,Belmont,1058
271N,northbound,Local,Hillsdale,1062
271N,northbound,Local,Hayward Park,1065
271N,northbound,Local,San Mateo,1068
271N,northbound,Local,Burlingame,1071
271N,northbound,Local,Millbrae,1077
271N,northbound,Local,San Bruno,1081
271N,northbound,Local,So. San Francisco,1085
271N,northbound,Local,Bayshore,1093
271N,northbound,Local,22nd Street,1101
271N,northbound,Local,San Francisco,1109
309N,northbound,Bullet,Tamien,356
309N,northbound,Bullet,San Jose,363
309N,northbound,Bullet,Sunnyvale,373
309N,northbound,Bullet,Palo Alto,383
309N,northbound,Bullet,Redwood City,390
309N,northbound,Bullet,San Mateo,399
309N,northbound,Bullet,Millbrae,405
309N,northbound,Bullet,San Francisco,422
319N,northbound,Bullet,Tamien,416
319N,northbound,Bullet,San Jose,423
319N,northbound,Bullet,Sunnyvale,433
319N,northbound,Bullet,Palo Alto,443
319N,northbound,Bullet,Redwood City,450
319N,northbound,Bullet,San Mateo,459
319N,northbound,Bullet,Millbrae,465
319N,northbound,Bullet,San Francisco,482
147N,northbound,Limited,San Jose,730
147N,northbound,Limited,Santa Clara,735
147N,northbound,Limited,Lawrence,740
147N,northbound,Limited,Sunnyvale,744
147N,northbound,Limited,Mountain View,749
147N,northbound,Limited,San Antonio,753
147N,northbound,Limited,California Ave,757
147N,northbound,Limited,Palo Alto,761
147N,northbound,Limited,Menlo Park,764
147N,northbound,Limited,Redwood City,769
147N,northbound,Limited,San Carlos,773
147N,northbound,Limited,Belmont,776
147N,northbound,Limited,Hillsdale,779
147N,northbound,Limited,Hayward Park,782
147N,northbound,Limited,San Mateo,785
147N,northbound,Limited,Burlingame,788
147N,northbound,Limited,Millbrae,793
147N,northbound,Limited,San Bruno,797
147N,northbound,Limited,So. San Francisco,801
147N,northbound,Limited,Bayshore,807
147N,northbound,Limited,22nd Street,812
147N,northbound,Limited,San Francisco,821
267N,northbound,Local,Tamien,992
267N,northbound,Local,San Jose,999
267N,northbound,Local,Santa Clara,1004
267N,northbound,Local,Lawrence,1012
267N,northbound,Local,Sunnyvale,1018
267N,northbound,Local,Mountain View,1023
267N,northbound,Local,San Antonio,1027
267N,northbound,Local,California Ave,1031
267N,northbound,Local,Palo Alto,1036
267N,northbound,Local,Menlo Park,1039
267N,northbound,Local,Redwood City,1045
267N,northbound,Local,San Carlos,1049
267N,northbound,Local,San Mateo,1056
267N,northbound,Local,Millbrae,1063
267N,northbound,Local,22nd Street,1075
267N,northbound,Local,San Francisco,1082
197N,northbound,Limited,San Jose,1350
197N,northbound,Limited,Santa Clara,1355
197N,northbound,Limited,Lawrence,1360
197N,northbound,Limited,Sunnyvale,1364
197N,northbound,Limited,Mountain View,1369
197N,northbound,Limited,San Antonio,1373
197N,northbound,Limited,California Ave,1377
197N,northbound,Limited,Palo Alto,1381
197N,northbound,Limited,Menlo Park,1384
197N,northbound,Limited,Redwood City,1389
197N,northbound,Limited,San Carlos,1393
197N,northbound,Limited,Belmont,1396
197N,northbound,Limited,Hillsdale,1399
197N,northbound,Limited,Hayward Park,1402
197N,northbound,Limited,San Mateo,1405
197N,northbound,Limited,Burlingame,1408
197N,northbound,Limited,Millbrae,1413
197N,northbound,Limited,San Bruno,1417
197N,northbound,Limited,So. San Francisco,1421
197N,northbound,Limited,Bayshore,1427
197N,northbound,Limited,22nd Street,1432
197N,northbound,Limited,San Francisco,1441
257N,northbound,Local,Tamien,873
257N,northbound,Local,San Jose,880
257N,northbound,Local,Santa Clara,885
257N,northbound,Local,Lawrence,890
257N,northbound,Local,Sunnyvale,894
257N,northbound,Local,Mountain View,899
257N,northbound,Local,San Antonio,903
257N,northbound,Local,California Ave,907
257N,northbound,Local,Palo Alto,911
257N,northbound,Local,Menlo Park,914
257N,northbound,Local,Redwood City,919
257N,northbound,Local,San Carlos,923
257N,northbound,Local,Belmont,926
257N,northbound,Local,Hillsdale,929
257N,northbound,Local,San Mateo,933
257N,northbound,Local,Burlingame,936
257N,northbound,Local,Millbrae,941
257N,northbound,Local,San Bruno,945
257N,northbound,Local,San Francisco,962
329N,northbound,Bullet,Tamien,476
329N,northbound,Bullet,San Jose,483
329N,northbound,Bullet,Sunnyvale,493
329N,northbound,Bullet,Palo Alto,503
329N,northbound,Bullet,Redwood City,510
329N,northbound,Bullet,San Mateo,519
329N,northbound,Bullet,Millbrae,525
329N,northbound,Bullet,San Francisco,542
143N,northbound,Limited,San Jose,670
143N,northbound,Limited,Santa Clara,675
143N,northbound,Limited,Lawrence,680
143N,northbound,Limited,Sunnyvale,684
143N,northbound,Limited,Mountain View,689
143N,northbound,Limited,San Antonio,693
143N,northbound,Limited,California Ave,697
143N,northbound,Limited,Palo Alto,701
143N,northbound,Limited,Menlo Park,704
143N,northbound,Limited,Redwood City,709
143N,northbound,Limited,San Carlos,713
143N,northbound,Limited,Belmont,716
143N,northbound,Limited,Hillsdale,719
143N,northbound,Limited,Hayward Park,722
143N,northbound,Limited,San Mateo,725
143N,northbound,Limited,Burlingame,728
143N,northbound,Limited,Millbrae,733
143N,northbound,Limited,San Bruno,737
143N,northbound,Limited,So. San Francisco,741
143N,northbound,Limited,Bayshore,747
143N,northbound,Limited,22nd Street,752
143N,northbound,Limited,San Francisco,761
227N,northbound,Local,Gilroy,425
227N,northbound,Local,San Martin,434
227N,northbound,Local,Morgan Hill,440
227N,northbound,Local,Blossom Hill,453
227N,northbound,Local,Capitol,459
227N,northbound,Local,Tamien,467
227N,northbound,Local,San Jose,475
227N,northbound,Local,College Park,478
227N,northbound,Local,Santa Clara,482
227N,northbound,Local,Lawrence,492
227N,northbound,Local,Sunnyvale,498
227N,northbound,Local,Mountain View,503
227N,northbound,Local,San Antonio,507
227N,northbound,Local,California Ave,511
227N,northbound,Local,Palo Alto,516
227N,northbound,Local,Menlo Park,519
227N,northbound,Local,Redwood City,525
227N,northbound,Local,Hillsdale,531
227N,northbound,Local,Millbrae,539
227N,northbound,Local,So. San Francisco,545
227N,northbound,Local,San Francisco,559
233N,northbound,Local,Tamien,513
233N,northbound,Local,San Jose,520
233N,northbound,Local,Santa Clara,525
233N,northbound,Local,Lawrence,530
233N,northbound,Local,Sunnyvale,534
233N,northbound,Local,Mountain View,539
233N,northbound,Local,San Antonio,543
233N,northbound,Local,California Ave,547
233N,northbound,Local,Palo Alto,551
233N,northbound,Local,Menlo Park,554
233N,northbound,Local,Redwood City,559
233N,northbound,Local,San Carlos,563
233N,northbound,Local,Belmont,566
233N,northbound,Local,Hillsdale,569
233N,northbound,Local,San Mateo,573
233N,northbound,Local,Burlingame,576
233N,northbound,Local,Millbrae,581
233N,northbound,Local,San Bruno,585
233N,northbound,Local,San Francisco,602
305N,northbound,Bullet,San Jose,345
305N,northbound,Bullet,Mountain View,357
305N,northbound,Bullet,Palo Alto,365
305N,northbound,Bullet,Hillsdale,376
305N,northbound,Bullet,Millbrae,384
305N,northbound,Bullet,San Francisco,402
193N,northbound,Limited,Tamien,1223
193N,northbound,Limited,San Jose,1230
193N,northbound,Limited,Santa Clara,1235
193N,northbound,Limited,Lawrence,1240
193N,northbound,Limited,Sunnyvale,1244
193N,northbound,Limited,Mountain View,1249
193N,northbound,Limited,San Antonio,1253
193N,northbound,Limited,California Ave,1257
193N,northbound,Limited,Palo Alto,1261
193N,northbound,Limited,Menlo Park,1264
193N,northbound,Limited,Redwood City,1269
193N,northbound,Limited,San Carlos,1273
193N,northbound,Limited,Belmont,1276
193N,northbound,Limited,Hillsdale,1279
193N,northbound,Limited,Hayward Park,1282
193N,northbound,Limited,San Mateo,1285
193N,northbound,Limited,Burlingame,1288
193N,northbound,Limited,Millbrae,1293
193N,northbound,Limited,San Bruno,1297
193N,northbound,Limited,So. San Francisco,1301
193N,northbound,Limited,Bayshore,1307
193N,northbound,Limited,22nd Street,1312
193N,northbound,Limited,San Francisco,1321
155N,northbound,Limited,San Jose,850
155N,northbound,Limited,Santa Clara,855
155N,northbound,Limited,Lawrence,860
155N,northbound,Limited,Sunnyvale,864
155N,northbound,Limited,Mountain View,869
155N,northbound,Limited,San Antonio,873
155N,northbound,Limited,California Ave,877
155N,northbound,Limited,Palo Alto,881
155N,northbound,Limited,Menlo Park,884
155N,northbound,Limited,Redwood City,889
155N,northbound,Limited,San Carlos,893
155N,northbound,Limited,Belmont,896
155N,northbound,Limited,Hillsdale,899
155N,northbound,Limited,Hayward Park,902
155N,northbound,Limited,San Mateo,905
155N,northbound,Limited,Burlingame,908
155N,northbound,Limited,Millbrae,913
155N,northbound,Limited,San Bruno,917
155N,northbound,Limited,So. San Francisco,921
155N,northbound,Limited,Bayshore,927
155N,northbound,Limited,22nd Street,932
155N,northbound,Limited,San Francisco,941
287N,northbound,Local,San Jose,1125
287N,northbound,Local,Lawrence,1133
287N,northbound,Local,Mountain View,1140
287N,northbound,Local,California Ave,1146
287N,northbound,Local,Palo Alto,1150
287N,northbound,Local,Menlo Park,1153
287N,northbound,Local,Redwood City,1159
287N,northbound,Local,San Carlos,1163
287N,northbound,Local,Hillsdale,1168
287N,northbound,Local,San Mateo,1172
287N,northbound,Local,Burlingame,1175
287N,northbound,Local,Millbrae,1181
287N,northbound,Local,22nd Street,1193
287N,northbound,Local,San Francisco,1200
139N,northbound,Limited,San Jose,610
139N,northbound,Limited,Santa Clara,615
139N,northbound,Limited,Lawrence,620
139N,northbound,Limited,Sunnyvale,624
139N,northbound,Limited,Mountain View,629
139N,northbound,Limited,San Antonio,633
139N,northbound,Limited,California Ave,637
139N,northbound,Limited,Palo Alto,641
139N,northbound,Limited,Menlo Park,644
139N,northbound,Limited,Redwood City,649
139N,northbound,Limited,San Carlos,653
139N,northbound,Limited,Belmont,656
139N,northbound,Limited,Hillsdale,659
139N,northbound,Limited,Hayward Park,662
139N,northbound,Limited,San Mateo,665
139N,northbound,Limited,Burlingame,668
139N,northbound,Limited,Millbrae,673
139N,northbound,Limited,San Bruno,677
139N,northbound,Limited,So. San Francisco,681
139N,northbound,Limited,Bayshore,687
139N,northbound,Limited,22nd Street,692
139N,northbound,Limited,San Francisco,701
101N,northbound,Limited,San Jose,270
101N,northbound,Limited,Santa Clara,275
101N,northbound,Limited,Lawrence,280
101N,northbound,Limited,Sunnyvale,284
101N,northbound,Limited,Mountain View,289
101N,northbound,Limited,San Antonio,293
101N,northbound,Limited,California Ave,297
101N,northbound,Limited,Palo Alto,301
101N,northbound,Limited,Menlo Park,304
101N,northbound,Limited,Redwood City,309
101N,northbound,Limited,San Carlos,313
101N,northbound,Limited,Belmont,316
101N,northbound,Limited,Hillsdale,319
101N,northbound,Limited,Hayward Park,322
101N,northbound,Limited,San Mateo,325
101N,northbound,Limited,Burlingame,328
101N,northbound,Limited,Millbrae,333
101N,northbound,Limited,San Bruno,337
101N,northbound,Limited,So. San Francisco,341
101N,northbound,Limited,Bayshore,347
101N,northbound,Limited,22nd Street,352
101N,northbound,Limited,San Francisco,361
211N,northbound,Local,San Jose,382
211N,northbound,Local,Santa Clara,387
211N,northbound,Local,Mountain View,397
211N,northbound,Local,Menlo Park,405
211N,northbound,Local,Redwood City,411
211N,northbound,Local,San Carlos,415
211N,northbound,Local,Belmont,418
211N,northbound,Local,Hillsdale,422
211N,northbound,Local,Hayward Park,425
211N,northbound,Local,San Mateo,428
211N,northbound,Local,Burlingame,431
211N,northbound,Local,Millbrae,437
211N,northbound,Local,San Bruno,441
211N,northbound,Local,So. San Francisco,445
211N,northbound,Local,Bayshore,453
211N,northbound,Local,22nd Street,460
211N,northbound,Local,San Francisco,468
207N,northbound,Local,Tamien,350
207N,northbound,Local,San Jose,357
207N,northbound,Local,Santa Clara,362
207N,northbound,Local,Lawrence,372
207N,northbound,Local,Sunnyvale,378
207N,northbound,Local,Mountain View,383
207N,northbound,Local,San Antonio,387
207N,northbound,Local,California Ave,391
207N,northbound,Local,Palo Alto,396
207N,northbound,Local,Menlo Park,399
207N,northbound,Local,Redwood City,405
207N,northbound,Local,Hillsdale,411
207N,northbound,Local,Millbrae,419
207N,northbound,Local,So. San Francisco,425
207N,northbound,Local,San Francisco,439
217N,northbound,Local,Gilroy,367
217N,northbound,Local,San Martin,376
217N,northbound,Local,Morgan Hill,382
217N,northbound,Local,Blossom Hill,395
217N,northbound,Local,Capitol,401
217N,northbound,Local,Tamien,409
217N,northbound,Local,San Jose,417
217N,northbound,Local,Santa Clara,422
217N,northbound,Local,Lawrence,432
217N,northbound,Local,Sunnyvale,438
217N,northbound,Local,Mountain View,443
217N,northbound,Local,San Antonio,447
217N,northbound,Local,California Ave,451
217N,northbound,Local,Palo Alto,456
217N,northbound,Local,Menlo Park,459
217N,northbound,Local,Redwood City,465
217N,northbound,Local,Hillsdale,471
217N,northbound,Local,Millbrae,479
217N,northbound,Local,So. San Francisco,485
217N,northbound,Local,San Francisco,499
323N,northbound,Bullet,San Jose,465
323N,northbound,Bullet,Mountain View,477
323N,northbound,Bullet,Palo Alto,485
323N,northbound,Bullet,Hillsdale,496
323N,northbound,Bullet,Millbrae,504
323N,northbound,Bullet,San Francisco,522
189N,northbound,Limited,San Jose,1130
189N,northbound,Limited,Santa Clara,1135
189N,northbound,Limited,Lawrence,1140
189N,northbound,Limited,Sunnyvale,1144
189N,northbound,Limited,Mountain View,1149
189N,northbound,Limited,San Antonio,1153
189N,northbound,Limited,California Ave,1157
189N,northbound,Limited,Palo Alto,1161
189N,northbound,Limited,Menlo Park,1164
189N,northbound,Limited,Redwood City,1169
189N,northbound,Limited,San Carlos,1173
189N,northbound,Limited,Belmont,1176
189N,northbound,Limited,Hillsdale,1179
189N,northbound,Limited,Hayward Park,1182
189N,northbound,Limited,San Mateo,1185
189N,northbound,Limited,Burlingame,1188
189N,northbound,Limited,Millbrae,1193
189N,northbound,Limited,San Bruno,1197
189N,northbound,Limited,So. San Francisco,1201
189N,northbound,Limited,Bayshore,1207
189N,northbound,Limited,22nd Street,1212
189N,northbound,Limited,San Francisco,1221
191N,northbound,Limited,San Jose,1170
191N,northbound,Limited,Santa Clara,1175
191N,northbound,Limited,Lawrence,1180
191N,northbound,Limited,Sunnyvale,1184
191N,northbound,Limited,Mountain View,1189
191N,northbound,Limited,San Antonio,1193
191N,northbound,Limited,California Ave,1197
191N,northbound,Limited,Palo Alto,1201
191N,northbound,Limited,Menlo Park,1204
191N,northbound,Limited,Redwood City,1209
191N,northbound,Limited,San Carlos,1213
191N,northbound,Limited,Belmont,1216
191N,northbound,Limited,Hillsdale,1219
191N,northbound,Limited,Hayward Park,1222
191N,northbound,Limited,San Mateo,1225
191N,northbound,Limited,Burlingame,1228
191N,northbound,Limited,Millbrae,1233
191N,northbound,Limited,San Bruno,1237
191N,northbound,Limited,So. San Francisco,1241
191N,northbound,Limited,Bayshore,1247
191N,northbound,Limited,22nd Street,1252
191N,northbound,Limited,San Francisco,1261
373N,northbound,Bullet,San Jose,1045
373N,northbound,Bullet,Mountain View,1057
373N,northbound,Bullet,Menlo Park,1066
373N,northbound,Bullet,Redwood City,1072
373N,northbound,Bullet,Millbrae,1085
373N,northbound,Bullet,22nd Street,1097
373N,northbound,Bullet,San Francisco,1104
263N,northbound,Local,Tamien,958
263N,northbound,Local,San Jose,965
263N,northbound,Local,Santa Clara,970
263N,northbound,Local,Palo Alto,984
263N,northbound,Local,Redwood City,991
263N,northbound,Local,San Carlos,995
263N,northbound,Local,Belmont,998
263N,northbound,Local,Hillsdale,1002
263N,northbound,Local,Hayward Park,1005
263N,northbound,Local,San Mateo,1008
263N,northbound,Local,Burlingame,1011
263N,northbound,Local,Millbrae,1017
263N,northbound,Local,San Bruno,1021
263N,northbound,Local,So. San Francisco,1025
263N,northbound,Local,Bayshore,1033
263N,northbound,Local,22nd Street,1041
263N,northbound,Local,San Francisco,1049
277N,northbound,Local,Tamien,1052
277N,northbound,Local,San Jose,1059
277N,northbound,Local,Santa Clara,1064
277N,northbound,Local,Lawrence,1072
277N,northbound,Local,Sunnyvale,1078
277N,northbound,Local,Mountain View,1083
277N,northbound,Local,San Antonio,1087
277N,northbound,Local,California Ave,1091
277N,northbound,Local,Palo Alto,1096
277N,northbound,Local,Menlo Park,1099
277N,northbound,Local,Redwood City,1105
277N,northbound,Local,San Carlos,1109
277N,northbound,Local,San Mateo,1116
277N,northbound,Local,Millbrae,1123
277N,northbound,Local,22nd Street,1135
277N,northbound,Local,San Francisco,1142
138S,southbound,Limited,San Francisco,607
138S,southbound,Limited,22nd Street,612
138S,southbound,Limited,Bayshore,617
138S,southbound,Limited,So. San Francisco,623
138S,southbound,Limited,San Bruno,627
138S,southbound,Limited,Millbrae,631
138S,southbound,Limited,Burlingame,635
138S,southbound,Limited,San Mateo,638
138S,southbound,Limited,Hayward Park,641
138S,southbound,Limited,Hillsdale,644
138S,southbound,Limited,Belmont,647
138S,southbound,Limited,San Carlos,650
138S,southbound,Limited,Redwood City,655
138S,southbound,Limited,Menlo Park,660
138S,southbound,Limited,Palo Alto,663
138S,southbound,Limited,California Ave,667
138S,southbound,Limited,San Antonio,671
138S,southbound,Limited,Mountain View,675
138S,southbound,Limited,Sunnyvale,680
138S,southbound,Limited,Lawrence,684
138S,southbound,Limited,Santa Clara,689
138S,southbound,Limited,San Jose,698
206S,southbound,Local,San Francisco,371
206S,southbound,Local,22nd Street,376
206S,southbound,Local,Millbrae,389
206S,southbound,Local,Burlingame,393
206S,southbound,Local,San Mateo,396
206S,southbound,Local,Hillsdale,400
206S,southbound,Local,San Carlos,404
206S,southbound,Local,Redwood City,409
206S,southbound,Local,Menlo Park,414
206S,southbound,Local,Palo Alto,417
206S,southbound,Local,California Ave,421
206S,southbound,Local,Mountain View,427
206S,southbound,Local,Lawrence,432
206S,southbound,Local,San Jose,444
210S,southbound,Local,San Francisco,404
210S,southbound,Local,22nd Street,409
210S,southbound,Local,Millbrae,421
210S,southbound,Local,San Mateo,427
210S,southbound,Local,San Carlos,433
210S,southbound,Local,Redwood City,438
210S,southbound,Local,Menlo Park,443
210S,southbound,Local,Palo Alto,446
210S,southbound,Local,California Ave,450
210S,southbound,Local,San Antonio,454
210S,southbound,Local,Mountain View,458
210S,southbound,Local,Sunnyvale,463
210S,southbound,Local,Lawrence,469
210S,southbound,Local,Santa Clara,476
210S,southbound,Local,College Park,479
210S,southbound,Local,San Jose,486
210S,southbound,Local,Tamien,493
312S,southbound,Bullet,San Francisco,419
312S,southbound,Bullet,22nd Street,424
312S,southbound,Bullet,Millbrae,437
312S,southbound,Bullet,Redwood City,450
312S,southbound,Bullet,Menlo Park,455
312S,southbound,Bullet,Mountain View,464
312S,southbound,Bullet,San Jose,478
368S,southbound,Bullet,San Francisco,993
368S,southbound,Bullet,Millbrae,1009
368S,southbound,Bullet,San Mateo,1017
368S,southbound,Bullet,Redwood City,1026
368S,southbound,Bullet,Palo Alto,1032
368S,southbound,Bullet,Sunnyvale,1041
368S,southbound,Bullet,San Jose,1052
368S,southbound,Bullet,Tamien,1059
102S,southbound,Limited,San Francisco,295
102S,southbound,Limited,22nd Street,300
102S,southbound,Limited,Bayshore,305
102S,southbound,Limited,So. San Francisco,311
102S,southbound,Limited,San Bruno,315
102S,southbound,Limited,Millbrae,319
102S,southbound,Limited,Burlingame,323
102S,southbound,Limited,San Mateo,326
102S,southbound,Limited,Hayward Park,329
102S,southbound,Limited,Hillsdale,332
102S,southbound,Limited,Belmont,335
102S,southbound,Limited,San Carlos,338
102S,southbound,Limited,Redwood City,343
102S,southbound,Limited,Menlo Park,348
102S,southbound,Limited,Palo Alto,351
102S,southbound,Limited,California Ave,355
102S,southbound,Limited,San Antonio,359
102S,southbound,Limited,Mountain View,363
102S,southbound,Limited,Sunnyvale,368
102S,southbound,Limited,Lawrence,372
102S,southbound,Limited,Santa Clara,377
102S,southbound,Limited,San Jose,386
194S,southbound,Limited,San Francisco,1300
194S,southbound,Limited,22nd Street,1305
194S,southbound,Limited,Bayshore,1310
194S,southbound,Limited,So. San Francisco,1316
194S,southbound,Limited,San Bruno,1320
194S,southbound,Limited,Millbrae,1324
194S,southbound,Limited,Burlingame,1328
194S,southbound,Limited,San Mateo,1331
194S,southbound,Limited,Hayward Park,1334
194S,southbound,Limited,Hillsdale,1337
194S,southbound,Limited,Belmont,1340
194S,southbound,Limited,San Carlos,1343
194S,southbound,Limited,Redwood City,1348
194S,southbound,Limited,Menlo Park,1353
194S,southbound,Limited,Palo Alto,1356
194S,southbound,Limited,California Ave,1360
194S,southbound,Limited,San Antonio,1364
194S,southbound,Limited,Mountain View,1368
194S,southbound,Limited,Sunnyvale,1373
194S,southbound,Limited,Lawrence,1377
194S,southbound,Limited,Santa Clara,1382
194S,southbound,Limited,San Jose,1391
194S,southbound,Limited,Tamien,1398
372S,southbound,Bullet,San Francisco,1034
372S,southbound,Bullet,Millbrae,1050
372S,southbound,Bullet,Hillsdale,1058
372S,southbound,Bullet,Palo Alto,1069
372S,southbound,Bullet,Mountain View,1076
372S,southbound,Bullet,San Jose,1091
218S,southbound,Local,San Francisco,444
218S,southbound,Local,22nd Street,449
218S,southbound,Local,Bayshore,454
218S,southbound,Local,So. San Francisco,460
218S,southbound,Local,San Bruno,464
218S,southbound,Local,Millbrae,468
218S,southbound,Local,Burlingame,472
218S,southbound,Local,San Mateo,475
218S,southbound,Local,Hayward Park,478
218S,southbound,Local,Hillsdale,481
218S,southbound,Local,Belmont,484
218S,southbound,Local,San Carlos,487
218S,southbound,Local,Redwood City,492
218S,southbound,Local,Palo Alto,498
218S,southbound,Local,Santa Clara,514
218S,southbound,Local,San Jose,523
218S,southbound,Local,Tamien,530
270S,southbound,Local,San Francisco,1016
270S,southbound,Local,So. San Francisco,1028
270S,southbound,Local,Millbrae,1034
270S,southbound,Local,Hillsdale,1042
270S,southbound,Local,Redwood City,1048
270S,southbound,Local,Menlo Park,1054
270S,southbound,Local,Palo Alto,1058
270S,southbound,Local,California Ave,1062
270S,southbound,Local,San Antonio,1066
270S,southbound,Local,Mountain View,1070
270S,southbound,Local,Sunnyvale,1075
270S,southbound,Local,Lawrence,1081
270S,southbound,Local,Santa Clara,1088
270S,southbound,Local,San Jose,1096
270S,southbound,Local,Tamien,1102
270S,southbound,Local,Capitol,1109
270S,southbound,Local,Blossom Hill,1115
270S,southbound,Local,Morgan Hill,1128
270S,southbound,Local,San Martin,1134
270S,southbound,Local,Gilroy,1147
264S,southbound,Local,San Francisco,979
264S,southbound,Local,San Bruno,993
264S,southbound,Local,Burlingame,998
264S,southbound,Local,San Mateo,1002
264S,southbound,Local,Hillsdale,1007
264S,southbound,Local,San Carlos,1011
264S,southbound,Local,Palo Alto,1021
264S,southbound,Local,California Ave,1025
264S,southbound,Local,Mountain View,1031
264S,southbound,Local,Sunnyvale,1036
264S,southbound,Local,San Jose,1047
236S,southbound,Local,San Francisco,577
236S,southbound,Local,San Bruno,591
236S,southbound,Local,Millbrae,595
236S,southbound,Local,Burlingame,599
236S,southbound,Local,San Mateo,602
236S,southbound,Local,Hillsdale,606
236S,southbound,Local,Belmont,609
236S,southbound,Local,San Carlos,612
236S,southbound,Local,Redwood City,617
236S,southbound,Local,Menlo Park,622
236S,southbound,Local,Palo Alto,625
236S,southbound,Local,California Ave,629
236S,southbound,Local,San Antonio,633
236S,southbound,Local,Mountain View,637
236S,southbound,Local,Sunnyvale,642
236S,southbound,Local,Lawrence,646
236S,southbound,Local,Santa Clara,651
236S,southbound,Local,San Jose,660
236S,southbound,Local,Tamien,667
150S,southbound,Limited,San Francisco,787
150S,southbound,Limited,22nd Street,792
150S,southbound,Limited,Bayshore,797
150S,southbound,Limited,So. San Francisco,803
150S,southbound,Limited,San Bruno,807
150S,southbound,Limited,Millbrae,811
150S,southbound,Limited,Burlingame,815
150S,southbound,Limited,San Mateo,818
150S,southbound,Limited,Hayward Park,821
150S,southbound,Limited,Hillsdale,824
150S,southbound,Limited,Belmont,827
150S,southbound,Limited,San Carlos,830
150S,southbound,Limited,Redwood City,835
150S,southbound,Limited,Menlo Park,840
150S,southbound,Limited,Palo Alto,843
150S,southbound,Limited,California Ave,847
150S,southbound,Limited,San Antonio,851
150S,southbound,Limited,Mountain View,855
150S,southbound,Limited,Sunnyvale,860
150S,southbound,Limited,Lawrence,864
150S,southbound,Limited,Santa Clara,869
150S,southbound,Limited,San Jose,878
198S,southbound,Limited,San Francisco,1441
198S,southbound,Limited,22nd Street,1446
198S,southbound,Limited,Bayshore,1451
198S,southbound,Limited,So. San Francisco,1457
198S,southbound,Limited,San Bruno,1461
198S,southbound,Limited,Millbrae,1465
198S,southbound,Limited,Burlingame,1469
198S,southbound,Limited,San Mateo,1472
198S,southbound,Limited,Hayward Park,1475
198S,southbound,Limited,Hillsdale,1478
198S,southbound,Limited,Belmont,1481
198S,southbound,Limited,San Carlos,1484
198S,southbound,Limited,Redwood City,1489
198S,southbound,Limited,Menlo Park,1494
198S,southbound,Limited,Palo Alto,1497
198S,southbound,Limited,California Ave,1501
198S,southbound,Limited,San Antonio,1505
198S,southbound,Limited,Mountain View,1509
198S,southbound,Limited,Sunnyvale,1514
198S,southbound,Limited,Lawrence,1518
198S,southbound,Limited,Santa Clara,1523
198S,southbound,Limited,San Jose,1532
158S,southbound,Limited,San Francisco,907
158S,southbound,Limited,22nd Street,912
158S,southbound,Limited,Bayshore,917
158S,southbound,Limited,So. San Francisco,923
158S,southbound,Limited,San Bruno,927
158S,southbound,Limited,Millbrae,931
158S,southbound,Limited,Burlingame,935
158S,southbound,Limited,San Mateo,938
158S,southbound,Limited,Hayward Park,941
158S,southbound,Limited,Hillsdale,944
158S,southbound,Limited,Belmont,947
158S,southbound,Limited,San Carlos,950
158S,southbound,Limited,Redwood City,955
158S,southbound,Limited,Menlo Park,960
158S,southbound,Limited,Palo Alto,963
158S,southbound,Limited,California Ave,967
158S,southbound,Limited,San Antonio,971
158S,southbound,Limited,Mountain View,975
158S,southbound,Limited,Sunnyvale,980
158S,southbound,Limited,Lawrence,984
158S,southbound,Limited,Santa Clara,989
158S,southbound,Limited,College Park,992
158S,southbound,Limited,San Jose,999
158S,southbound,Limited,Tamien,1005
158S,southbound,Limited,Capitol,1012
158S,southbound,Limited,Blossom Hill,1018
158S,southbound,Limited,Morgan Hill,1031
158S,southbound,Limited,San Martin,1037
158S,southbound,Limited,Gilroy,1050
256S,southbound,Local,San Francisco,877
256S,southbound,Local,San Bruno,891
256S,southbound,Local,Millbrae,895
256S,southbound,Local,Burlingame,899
256S,southbound,Local,San Mateo,902
256S,southbound,Local,Hillsdale,906
256S,southbound,Local,Belmont,909
256S,southbound,Local,San Carlos,912
256S,southbound,Local,Redwood City,917
256S,southbound,Local,Menlo Park,922
256S,southbound,Local,Palo Alto,925
256S,southbound,Local,California Ave,929
256S,southbound,Local,San Antonio,933
256S,southbound,Local,Mountain View,937
256S,southbound,Local,Sunnyvale,942
256S,southbound,Local,Lawrence,946
256S,southbound,Local,Santa Clara,951
256S,southbound,Local,San Jose,960
256S,southbound,Local,Tamien,967
154S,southbound,Limited,San Francisco,847
154S,southbound,Limited,22nd Street,852
154S,southbound,Limited,Bayshore,857
154S,southbound,Limited,So. San Francisco,863
154S,southbound,Limited,San Bruno,867
154S,southbound,Limited,Millbrae,871
154S,southbound,Limited,Burlingame,875
154S,southbound,Limited,San Mateo,878
154S,southbound,Limited,Hayward Park,881
154S,southbound,Limited,Hillsdale,884
154S,southbound,Limited,Belmont,887
154S,southbound,Limited,San Carlos,890
154S,southbound,Limited,Redwood City,895
154S,southbound,Limited,Menlo Park,900
154S,southbound,Limited,Palo Alto,903
154S,southbound,Limited,California Ave,907
154S,southbound,Limited,San Antonio,911
154S,southbound,Limited,Mountain View,915
154S,southbound,Limited,Sunnyvale,920
154S,southbound,Limited,Lawrence,924
154S,southbound,Limited,Santa Clara,929
154S,southbound,Limited,San Jose,938
220S,southbound,Local,San Francisco,464
220S,southbound,Local,22nd Street,469
220S,southbound,Local,Millbrae,481
220S,southbound,Local,San Mateo,487
220S,southbound,Local,San Carlos,493
220S,southbound,Local,Redwood City,498
220S,southbound,Local,Menlo Park,503
220S,southbound,Local,Palo Alto,506
220S,southbound,Local,California Ave,510
220S,southbound,Local,San Antonio,514
220S,southbound,Local,Mountain View,518
220S,southbound,Local,Sunnyvale,523
220S,southbound,Local,Lawrence,529
220S,southbound,Local,Santa Clara,536
220S,southbound,Local,San Jose,545
220S,southbound,Local,Tamien,552
288S,southbound,Local,San Francisco,1136
288S,southbound,Local,So. San Francisco,1148
288S,southbound,Local,Millbrae,1154
288S,southbound,Local,Hillsdale,1162
288S,southbound,Local,Redwood City,1168
288S,southbound,Local,Menlo Park,1174
288S,southbound,Local,Palo Alto,1178
288S,southbound,Local,California Ave,1182
288S,southbound,Local,San Antonio,1186
288S,southbound,Local,Mountain View,1190
288S,southbound,Local,Sunnyvale,1195
288S,southbound,Local,Lawrence,1199
288S,southbound,Local,Santa Clara,1204
288S,southbound,Local,San Jose,1212
288S,southbound,Local,Tamien,1219
142S,southbound,Limited,San Francisco,667
142S,southbound,Limited,22nd Street,672
142S,southbound,Limited,Bayshore,677
142S,southbound,Limited,So. San Francisco,683
142S,southbound,Limited,San Bruno,687
142S,southbound,Limited,Millbrae,691
142S,southbound,Limited,Burlingame,695
142S,southbound,Limited,San Mateo,698
142S,southbound,Limited,Hayward Park,701
142S,southbound,Limited,Hillsdale,704
142S,southbound,Limited,Belmont,707
142S,southbound,Limited,San Carlos,710
142S,southbound,Limited,Redwood City,715
142S,southbound,Limited,Menlo Park,720
142S,southbound,Limited,Palo Alto,723
142S,southbound,Limited,California Ave,727
142S,southbound,Limited,San Antonio,731
142S,southbound,Limited,Mountain View,735
142S,southbound,Limited,Sunnyvale,740
142S,southbound,Limited,Lawrence,744
142S,southbound,Limited,Santa Clara,749
142S,southbound,Limited,San Jose,758
190S,southbound,Limited,San Francisco,1170
190S,southbound,Limited,22nd Street,1175
190S,southbound,Limited,Bayshore,1180
190S,southbound,Limited,So. San Francisco,1186
190S,southbound,Limited,San Bruno,1190
190S,southbound,Limited,Millbrae,1194
190S,southbound,Limited,Burlingame,1198
190S,southbound,Limited,San Mateo,1201
190S,southbound,Limited,Hayward Park,1204
190S,southbound,Limited,Hillsdale,1207
190S,southbound,Limited,Belmont,1210
190S,southbound,Limited,San Carlos,1213
190S,southbound,Limited,Redwood City,1218
190S,southbound,Limited,Menlo Park,1223
190S,southbound,Limited,Palo Alto,1226
190S,southbound,Limited,California Ave,1230
190S,southbound,Limited,San Antonio,1234
190S,southbound,Limited,Mountain View,1238
190S,southbound,Limited,Sunnyvale,1243
190S,southbound,Limited,Lawrence,1247
190S,southbound,Limited,Santa Clara,1252
190S,southbound,Limited,San Jose,1261
332S,southbound,Bullet,San Francisco,539
332S,southbound,Bullet,22nd Street,544
332S,southbound,Bullet,Millbrae,557
332S,southbound,Bullet,Redwood City,570
332S,southbound,Bullet,Menlo Park,575
332S,southbound,Bullet,Mountain View,584
332S,southbound,Bullet,San Jose,598
280S,southbound,Local,San Francisco,1076
280S,southbound,Local,So. San Francisco,1088
280S,southbound,Local,Millbrae,1094
280S,southbound,Local,Hillsdale,1102
280S,southbound,Local,Redwood City,1108
280S,southbound,Local,Menlo Park,1114
280S,southbound,Local,Palo Alto,1118
280S,southbound,Local,California Ave,1122
280S,southbound,Local,San Antonio,1126
280S,southbound,Local,Mountain View,1130
280S,southbound,Local,Sunnyvale,1135
280S,southbound,Local,Lawrence,1141
280S,southbound,Local,Santa Clara,1148
280S,southbound,Local,San Jose,1156
280S,southbound,Local,Tamien,1163
284S,southbound,Local,San Francisco,1107
284S,southbound,Local,22nd Street,1112
284S,southbound,Local,Bayshore,1120
284S,southbound,Local,So. San Francisco,1128
284S,southbound,Local,San Bruno,1132
284S,southbound,Local,Millbrae,1136
284S,southbound,Local,Burlingame,1140
284S,southbound,Local,San Mateo,1144
284S,southbound,Local,Hayward Park,1147
284S,southbound,Local,Hillsdale,1151
284S,southbound,Local,Belmont,1154
284S,southbound,Local,San Carlos,1158
284S,southbound,Local,Redwood City,1162
284S,southbound,Local,Menlo Park,1168
284S,southbound,Local,Mountain View,1176
284S,southbound,Local,Santa Clara,1187
284S,southbound,Local,San Jose,1195
134S,southbound,Limited,San Francisco,547
134S,southbound,Limited,22nd Street,552
134S,southbound,Limited,Bayshore,557
134S,southbound,Limited,So. San Francisco,563
134S,southbound,Limited,San Bruno,567
134S,southbound,Limited,Millbrae,571
134S,southbound,Limited,Burlingame,575
134S,southbound,Limited,San Mateo,578
134S,southbound,Limited,Hayward Park,581
134S,southbound,Limited,Hillsdale,584
134S,southbound,Limited,Belmont,587
134S,southbound,Limited,San Carlos,590
134S,southbound,Limited,Redwood City,595
134S,southbound,Limited,Menlo Park,600
134S,southbound,Limited,Palo Alto,603
134S,southbound,Limited,California Ave,607
134S,southbound,Limited,San Antonio,611
134S,southbound,Limited,Mountain View,615
134S,southbound,Limited,Sunnyvale,620
134S,southbound,Limited,Lawrence,624
134S,southbound,Limited,Santa Clara,629
134S,southbound,Limited,San Jose,638
216S,southbound,Local,San Francisco,439
216S,southbound,Local,San Bruno,453
216S,southbound,Local,Burlingame,458
216S,southbound,Local,San Mateo,462
216S,southbound,Local,Hillsdale,466
216S,southbound,Local,San Carlos,470
216S,southbound,Local,Menlo Park,478
216S,southbound,Local,Palo Alto,481
216S,southbound,Local,Mountain View,489
216S,southbound,Local,Lawrence,496
216S,southbound,Local,San Jose,508
378S,southbound,Bullet,San Francisco,1053
378S,southbound,Bullet,Millbrae,1069
378S,southbound,Bullet,San Mateo,1077
378S,southbound,Bullet,Redwood City,1086
378S,southbound,Bullet,Palo Alto,1092
378S,southbound,Bullet,Sunnyvale,1101
378S,southbound,Bullet,San Jose,1112
378S,southbound,Bullet,Tamien,1119
146S,southbound,Limited,San Francisco,727
146S,southbound,Limited,22nd Street,732
146S,southbound,Limited,Bayshore,737
146S,southbound,Limited,So. San Francisco,743
146S,southbound,Limited,San Bruno,747
146S,southbound,Limited,Millbrae,751
146S,southbound,Limited,Burlingame,755
146S,southbound,Limited,San Mateo,758
146S,southbound,Limited,Hayward Park,761
146S,southbound,Limited,Hillsdale,764
146S,southbound,Limited,Belmont,767
146S,southbound,Limited,San Carlos,770
146S,southbound,Limited,Redwood City,775
146S,southbound,Limited,Menlo Park,780
146S,southbound,Limited,Palo Alto,783
146S,southbound,Limited,California Ave,787
146S,southbound,Limited,San Antonio,791
146S,southbound,Limited,Mountain View,795
146S,southbound,Limited,Sunnyvale,800
146S,southbound,Limited,Lawrence,804
146S,southbound,Limited,Santa Clara,809
146S,southbound,Limited,San Jose,818
208S,southbound,Local,San Francisco,384
208S,southbound,Local,22nd Street,389
208S,southbound,Local,Bayshore,394
208S,southbound,Local,So. San Francisco,400
208S,southbound,Local,San Bruno,404
208S,southbound,Local,Millbrae,408
208S,southbound,Local,Burlingame,412
208S,southbound,Local,San Mateo,415
208S,southbound,Local,Hayward Park,418
208S,southbound,Local,Hillsdale,421
208S,southbound,Local,Belmont,424
208S,southbound,Local,San Carlos,427
208S,southbound,Local,Redwood City,432
208S,southbound,Local,Palo Alto,438
208S,southbound,Local,Santa Clara,454
208S,southbound,Local,San Jose,463
208S,southbound,Local,Tamien,470
324S,southbound,Bullet,San Francisco,494
324S,southbound,Bullet,22nd Street,499
324S,southbound,Bullet,Millbrae,512
324S,southbound,Bullet,Hillsdale,520
324S,southbound,Bullet,Palo Alto,531
324S,southbound,Bullet,Mountain View,538
324S,southbound,Bullet,San Jose,553
104S,southbound,Limited,San Francisco,325
104S,southbound,Limited,22nd Street,330
104S,southbound,Limited,Bayshore,335
104S,southbound,Limited,So. San Francisco,341
104S,southbound,Limited,San Bruno,345
104S,southbound,Limited,Millbrae,349
104S,southbound,Limited,Burlingame,353
104S,southbound,Limited,San Mateo,356
104S,southbound,Limited,Hayward Park,359
104S,southbound,Limited,Hillsdale,362
104S,southbound,Limited,Belmont,365
104S,southbound,Limited,San Carlos,368
104S,southbound,Limited,Redwood City,373
104S,southbound,Limited,Menlo Park,378
104S,southbound,Limited,Palo Alto,381
104S,southbound,Limited,California Ave,385
104S,southbound,Limited,San Antonio,389
104S,southbound,Limited,Mountain View,393
104S,southbound,Limited,Sunnyvale,398
104S,southbound,Limited,Lawrence,402
104S,southbound,Limited,Santa Clara,407
104S,southbound,Limited,San Jose,416
104S,southbound,Limited,Tamien,423
322S,southbound,Bullet,San Francisco,479
322S,southbound,Bullet,22nd Street,484
322S,southbound,Bullet,Millbrae,497
322S,southbound,Bullet,Redwood City,510
322S,southbound,Bullet,Menlo Park,515
322S,southbound,Bullet,Mountain View,524
322S,southbound,Bullet,San Jose,538
228S,southbound,Local,San Francisco,504
228S,southbound,Local,22nd Street,509
228S,southbound,Local,Bayshore,514
228S,southbound,Local,So. San Francisco,520
228S,southbound,Local,San Bruno,524
228S,southbound,Local,Millbrae,528
228S,southbound,Local,Burlingame,532
228S,southbound,Local,San Mateo,535
228S,southbound,Local,Hayward Park,538
228S,southbound,Local,Hillsdale,541
228S,southbound,Local,Belmont,544
228S,southbound,Local,San Carlos,547
228S,southbound,Local,Redwood City,552
228S,southbound,Local,Palo Alto,558
228S,southbound,Local,Santa Clara,574
228S,southbound,Local,San Jose,583
228S,southbound,Local,Tamien,590
276S,southbound,Local,San Francisco,1047
276S,southbound,Local,22nd Street,1052
276S,southbound,Local,Bayshore,1060
276S,southbound,Local,So. San Francisco,1068
276S,southbound,Local,San Bruno,1072
276S,southbound,Local,Millbrae,1076
276S,southbound,Local,Burlingame,1080
276S,southbound,Local,San Mateo,1084
276S,southbound,Local,Hayward Park,1087
276S,southbound,Local,Hillsdale,1091
276S,southbound,Local,Belmont,1094
276S,southbound,Local,San Carlos,1098
276S,southbound,Local,Redwood City,1102
276S,southbound,Local,Menlo Park,1108
276S,southbound,Local,Mountain View,1116
276S,southbound,Local,Lawrence,1123
276S,southbound,Local,Santa Clara,1128
276S,southbound,Local,San Jose,1136
276S,southbound,Local,Tamien,1142
276S,southbound,Local,Capitol,1149
276S,southbound,Local,Blossom Hill,1155
276S,southbound,Local,Morgan Hill,1168
276S,southbound,Local,San Martin,1174
276S,southbound,Local,Gilroy,1187
260S,southbound,Local,San Francisco,937
260S,southbound,Local,San Bruno,951
260S,southbound,Local,Millbrae,955
260S,southbound,Local,Burlingame,959
260S,southbound,Local,San Mateo,962
260S,southbound,Local,Hillsdale,966
260S,southbound,Local,Belmont,969
260S,southbound,Local,San Carlos,972
260S,southbound,Local,Redwood City,977
260S,southbound,Local,Menlo Park,982
260S,southbound,Local,Palo Alto,985
260S,southbound,Local,California Ave,989
260S,southbound,Local,San Antonio,993
260S,southbound,Local,Mountain View,997
260S,southbound,Local,Sunnyvale,1002
260S,southbound,Local,Lawrence,1006
260S,southbound,Local,Santa Clara,1011
260S,southbound,Local,San Jose,1020
260S,southbound,Local,Tamien,1027
362S,southbound,Bullet,San Francisco,969
362S,southbound,Bullet,Millbrae,985
362S,southbound,Bullet,Hillsdale,993
362S,southbound,Bullet,Palo Alto,1004
362S,southbound,Bullet,Mountain View,1011
362S,southbound,Bullet,San Jose,1026
226S,southbound,Local,San Francisco,499
226S,southbound,Local,San Bruno,513
226S,southbound,Local,Burlingame,518
226S,southbound,Local,San Mateo,522
226S,southbound,Local,Hillsdale,526
226S,southbound,Local,San Carlos,530
226S,southbound,Local,Menlo Park,538
226S,southbound,Local,Palo Alto,541
226S,southbound,Local,Mountain View,549
226S,southbound,Local,Lawrence,556
226S,southbound,Local,San Jose,568
266S,southbound,Local,San Francisco,987
266S,southbound,Local,22nd Street,992
266S,southbound,Local,Bayshore,1000
266S,southbound,Local,So. San Francisco,1008
266S,southbound,Local,San Bruno,1012
266S,southbound,Local,Millbrae,1016
266S,southbound,Local,Burlingame,1020
266S,southbound,Local,San Mateo,1024
266S,southbound,Local,Hayward Park,1027
266S,southbound,Local,Hillsdale,1031
266S,southbound,Local,Belmont,1034
266S,southbound,Local,San Carlos,1038
266S,southbound,Local,Redwood City,1042
266S,southbound,Local,Menlo Park,1048
266S,southbound,Local,Mountain View,1056
266S,southbound,Local,Santa Clara,1067
266S,southbound,Local,San Jose,1075
274S,southbound,Local,San Francisco,1040
274S,southbound,Local,San Bruno,1054
274S,southbound,Local,Burlingame,1059
274S,southbound,Local,San Mateo,1063
274S,southbound,Local,Hillsdale,1068
274S,southbound,Local,San Carlos,1072
274S,southbound,Local,Palo Alto,1082
274S,southbound,Local,California Ave,1086
274S,southbound,Local,Mountain View,1092
274S,southbound,Local,Sunnyvale,1097
274S,southbound,Local,San Jose,1108
196S,southbound,Limited,San Francisco,1360
196S,southbound,Limited,22nd Street,1365
196S,southbound,Limited,Bayshore,1370
196S,southbound,Limited,So. San Francisco,1376
196S,southbound,Limited,San Bruno,1380
196S,southbound,Limited,Millbrae,1384
196S,southbound,Limited,Burlingame,1388
196S,southbound,Limited,San Mateo,1391
196S,southbound,Limited,Hayward Park,1394
196S,southbound,Limited,Hillsdale,1397
196S,southbound,Limited,Belmont,1400
196S,southbound,Limited,San Carlos,1403
196S,southbound,Limited,Redwood City,1408
196S,southbound,Limited,Menlo Park,1413
196S,southbound,Limited,Palo Alto,1416
196S,southbound,Limited,California Ave,1420
196S,southbound,Limited,San Antonio,1424
196S,southbound,Limited,Mountain View,1428
196S,southbound,Limited,Sunnyvale,1433
196S,southbound,Limited,Lawrence,1437
196S,southbound,Limited,Santa Clara,1442
196S,southbound,Limited,San Jose,1451
230S,southbound,Local,San Francisco,524
230S,southbound,Local,22nd Street,529
230S,southbound,Local,Millbrae,541
230S,southbound,Local,San Mateo,547
230S,southbound,Local,San Carlos,553
230S,southbound,Local,Redwood City,558
230S,southbound,Local,Menlo Park,563
230S,southbound,Local,Palo Alto,566
230S,southbound,Local,California Ave,570
230S,southbound,Local,San Antonio,574
230S,southbound,Local,Mountain View,578
230S,southbound,Local,Sunnyvale,583
230S,southbound,Local,Lawrence,589
230S,southbound,Local,Santa Clara,596
230S,southbound,Local,San Jose,605
230S,southbound,Local,Tamien,612
314S,southbound,Bullet,San Francisco,434
314S,southbound,Bullet,22nd Street,439
314S,southbound,Bullet,Millbrae,452
314S,southbound,Bullet,Hillsdale,460
314S,southbound,Bullet,Palo Alto,471
314S,southbound,Bullet,Mountain View,478
314S,southbound,Bullet,San Jose,493
192S,southbound,Limited,San Francisco,1240
192S,southbound,Limited,22nd Street,1245
192S,southbound,Limited,Bayshore,1250
192S,southbound,Limited,So. San Francisco,1256
192S,southbound,Limited,San Bruno,1260
192S,southbound,Limited,Millbrae,1264
192S,southbound,Limited,Burlingame,1268
192S,southbound,Limited,San Mateo,1271
192S,southbound,Limited,Hayward Park,1274
192S,southbound,Limited,Hillsdale,1277
192S,southbound,Limited,Belmont,1280
192S,southbound,Limited,San Carlos,1283
192S,southbound,Limited,Redwood City,1288
192S,southbound,Limited,Menlo Park,1293
192S,southbound,Limited,Palo Alto,1296
192S,southbound,Limited,California Ave,1300
192S,southbound,Limited,San Antonio,1304
192S,southbound,Limited,Mountain View,1308
192S,southbound,Limited,Sunnyvale,1313
192S,southbound,Limited,Lawrence,1317
192S,southbound,Limited,Santa Clara,1322
192S,southbound,Limited,San Jose,1331
192S,southbound,Limited,Tamien,1338
382S,southbound,Bullet,San Francisco,1094
382S,southbound,Bullet,Millbrae,1110
382S,southbound,Bullet,Hillsdale,1118
382S,southbound,Bullet,Palo Alto,1129
382S,southbound,Bullet,Mountain View,1136
382S,southbound,Bullet,San Jose,1151
386S,southbound,Bullet,San Francisco,1113
386S,southbound,Bullet,Millbrae,1129
386S,southbound,Bullet,San Mateo,1137
386S,southbound,Bullet,Redwood City,1146
386S,southbound,Bullet,Palo Alto,1152
386S,southbound,Bullet,Sunnyvale,1161
386S,southbound,Bullet,San Jose,1172
386S,southbound,Bullet,Tamien,1179
