I,J,Total,City
11,27,183,"LOS ANGELES, CA"
13,29,182,"SAN DIEGO, CA"
9,26,166,"OXNARD, CA"
10,26,156,"SIMI VALLEY, CA"
4,20,153,"SAN FRANCISCO, CA"
8,26,152,"SANTA BARBARA, CA"
11,26,150,"LOS ANGELES, CA"
13,28,150,"SAN DIEGO, CA"
4,21,147,"SAN JOSE, CA"
14,29,137,"SE OF SAN DIEGO, CA"
8,25,131,"SOLVANG, CA"
5,22,131,"SALINAS, CA"
5,21,130,"SAN JOSE, CA"
3,20,129,"SAN FRANCISCO, CA"
7,25,129,"SANTA MARIA, CA"
4,22,128,"MONTEREY, CA"
9,25,127,"NEW CUYAMA, CA"
12,27,125,"ANAHEIM, CA"
5,20,118,"SAN JOSE, CA"
6,22,112,"SALINAS, CA"
62,35,109,"BOOTHVILLE, LA"
61,35,108,"BURAS, LA"
60,35,108,"CHAUVIN, LA"
7,24,106,"SAN LUIS OBISPO, CA"
74,38,102,"SARASOTA, FL"
59,35,100,"HOUMA, LA"
6,24,98,"ATASCADERO, CA"
76,41,97,"NAPLES, FL"
48,37,97,"CORPUS CHRISTI, TX"
64,33,96,"MOBILE, AL"
73,37,96,"SAINT PETERSBURG, FL"
86,23,96,"KILL DEVIL HILLS, NC"
73,38,95,"SAINT PETERSBURG, FL"
4,19,95,"VALLEJO, CA"
52,35,95,"GALVESTON, TX"
74,39,95,"PORT CHARLOTTE, FL"
75,21,94,"MARION, VA"
6,23,94,"KING CITY, CA"
73,36,94,"PORT RICHEY, FL"
75,39,94,"CAPE CORAL, FL"
76,34,94,"JACKSONVILLE, FL"
76,22,93,"WEST JEFFERSON, NC"
3,19,93,"SANTA ROSA, CA"
53,34,92,"BEAUMONT, TX"
77,36,92,"ORLANDO, FL"
77,35,91,"DAYTONA BEACH, FL"
76,40,91,"NAPLES, FL"
85,18,91,"EASTON, MD"
69,34,90,"PORT SAINT JOE, FL"
15,29,90,"EL CENTRO, CA"
82,27,90,"WILMINGTON, NC"
54,34,90,"PORT ARTHUR, TX"
74,36,90,"BROOKSVILLE, FL"
75,38,90,"ARCADIA, FL"
75,41,90,"NAPLES, FL"
76,36,90,"ORLANDO, FL"
48,38,90,"CORPUS CHRISTI, TX"
80,28,89,"GEORGETOWN, SC"
74,22,89,"KINGSPORT, TN"
81,27,89,"SOUTHPORT, NC"
76,35,89,"DAYTONA BEACH, FL"
59,34,89,"HOUMA, LA"
76,21,88,"PRINCETON, WV"
13,27,88,"MORENO VALLEY, CA"
78,29,88,"CHARLESTON, SC"
77,22,88,"MOUNT AIRY, NC"
76,33,88,"JACKSONVILLE, FL"
75,37,88,"LAKELAND, FL"
76,39,87,"LABELLE, FL"
75,40,87,"NAPLES, FL"
75,34,87,"JACKSONVILLE, FL"
77,37,87,"MELBOURNE, FL"
75,22,86,"ABINGDON, VA"
65,33,86,"PENSACOLA, FL"
8,24,86,"NE OF SANTA MARIA, CA"
74,21,85,"BIG STONE GAP, VA"
69,33,85,"PANAMA CITY, FL"
6,21,85,"LOS BANOS, CA"
53,33,85,"BEAUMONT, TX"
79,29,85,"JOHNS ISLAND, SC"
55,34,85,"HACKBERRY, LA"
76,32,84,"JEKYLL ISLAND, GA"
85,23,84,"HERTFORD, NC"
85,20,84,"HEATHSVILLE, VA"
80,27,84,"MYRTLE BEACH, SC"
78,28,84,"CHARLESTON, SC"
59,33,84,"BATON ROUGE, LA"
62,33,83,"GULFPORT, MS"
58,34,83,"NEW IBERIA, LA"
70,34,83,"CARRABELLE, FL"
76,37,83,"KISSIMMEE, FL"
4,2,83,"SEATTLE, WA"
63,33,83,"OCEAN SPRINGS, MS"
75,32,82,"YULEE, FL"
60,34,82,"NEW ORLEANS, LA"
55,33,82,"LAKE CHARLES, LA"
74,37,82,"TAMPA, FL"
64,32,82,"MOBILE, AL"
73,13,82,"SANDUSKY, OH"
75,36,82,"KISSIMMEE, FL"
57,34,81,"NEW IBERIA, LA"
73,35,81,"CHIEFLAND, FL"
73,22,81,"ROGERSVILLE, TN"
77,29,81,"BEAUFORT, SC"
7,23,81,"PASO ROBLES, CA"
85,17,81,"BEL AIR, MD"
76,38,81,"SEBRING, FL"
84,23,81,"EDENTON, NC"
68,33,81,"PANAMA CITY, FL"
52,34,81,"HOUSTON, TX"
71,25,80,"BLAIRSVILLE, GA"
92,14,80,"GROTON, CT"
66,33,80,"PENSACOLA, FL"
61,34,80,"NEW ORLEANS, LA"
75,35,80,"OCALA, FL"
56,34,80,"SW OF LAFAYETTE, LA"
76,31,80,"BRUNSWICK, GA"
10,25,79,"BAKERSFIELD, CA"
77,30,79,"HILTON HEAD ISLAND, SC"
85,24,79,"ENGELHARD, NC"
84,22,79,"SUFFOLK, VA"
74,35,79,"OCALA, FL"
78,21,78,"ROANOKE, VA"
18,29,78,"YUMA, AZ"
14,28,78,"EAST OF SAN DIEGO, CA"
76,23,78,"HICKORY, NC"
77,38,78,"VERO BEACH, FL"
17,29,78,"YUMA, AZ"
73,34,78,"TRENTON, FL"
66,12,78,"NILES, MI"
79,27,78,"GEORGETOWN, SC"
86,24,78,"BUXTON, NC"
93,13,77,"PROVIDENCE, RI"
94,13,77,"NEW BEDFORD, MA"
75,23,77,"MORGANTON, NC"
57,33,77,"LAFAYETTE, LA"
79,28,77,"MOUNT PLEASANT, SC"
77,21,77,"RADFORD, VA"
76,30,77,"SAVANNAH, GA"
73,9,76,"BAD AXE, MI"
67,33,76,"FORT WALTON BEACH, FL"
74,9,76,"FORESTVILLE, MI"
74,20,76,"PIKEVILLE, KY"
93,14,76,"WESTERLY, RI"
49,26,76,"MADILL, OK"
75,31,76,"JESUP, GA"
62,32,76,"SAUCIER, MS"
50,36,76,"BLESSING, TX"
48,39,76,"SOUTH OF CORPUS CHRISTI, TX"
78,24,76,"SALISBURY, NC"
65,32,76,"PENSACOLA, FL"
78,22,75,"MARTINSVILLE, VA"
51,27,75,"PARIS, TX"
51,36,75,"BAY CITY, TX"
77,23,75,"SALISBURY, NC"
19,29,75,"DATELAND, AZ"
68,9,75,"BALDWIN, MI"
48,36,75,"VICTORIA, TX"
48,26,75,"ARDMORE, OK"
75,33,75,"JACKSONVILLE, FL"
87,18,75,"MILLSBORO, DE"
78,38,75,"PORT SAINT LUCIE, FL"
61,33,75,"NEW ORLEANS, LA"
67,9,75,"LUDINGTON, MI"
74,34,75,"GAINESVILLE, FL"
71,33,75,"TALLAHASSEE, FL"
58,33,74,"NEW IBERIA, LA"
54,9,74,"MANKATO, MN"
60,33,74,"METAIRIE, LA"
75,20,74,"LOGAN, WV"
65,13,74,"CHICAGO, IL"
4,1,74,"MOUNT VERNON, WA"
74,31,74,"WAYCROSS, GA"
4,3,74,"TACOMA, WA"
77,39,74,"WEST PALM BEACH, FL"
77,20,74,"LEWISBURG, WV"
67,8,74,"MANISTEE, MI"
84,20,73,"GLOUCESTER, VA"
54,33,73,"ORANGE, TX"
80,26,73,"LORIS, SC"
79,12,73,"JAMESTOWN, NY"
56,33,73,"CROWLEY, LA"
80,11,73,"BUFFALO, NY"
5,1,73,"CONCRETE, WA"
80,10,73,"NIAGARA FALLS, NY"
74,30,73,"VIDALIA, GA"
49,36,73,"PORT LAVACA, TX"
6,20,73,"STOCKTON, CA"
81,26,73,"WHITEVILLE, NC"
76,20,73,"BECKLEY, WV"
89,16,73,"LAKEWOOD, NJ"
76,29,73,"RINCON, GA"
51,7,72,"MONTEVIDEO, MN"
73,21,72,"HAZARD, KY"
50,27,72,"DURANT, OK"
96,13,72,"HYANNIS, MA"
91,14,72,"NEW HAVEN, CT"
5,19,72,"SACRAMENTO, CA"
55,9,72,"OWATONNA, MN"
85,19,72,"LEXINGTON PARK, MD"
56,9,72,"ROCHESTER, MN"
83,23,72,"WILLIAMSTON, NC"
59,32,72,"BATON ROUGE, LA"
12,26,72,"NE OF LOS ANGELES, CA"
78,20,72,"COVINGTON, VA"
77,43,72,"LONG KEY, FL"
77,42,72,"KEY LARGO, FL"
68,5,72,"MC MILLAN, MI"
68,6,72,"BEAVER ISLAND, MI"
17,28,72,"WINTERHAVEN, CA"
70,4,72,"ECKERMAN, MI"
51,28,71,"SULPHUR SPRINGS, TX"
3,0,71,"BELLINGHAM, WA"
52,29,71,"LONGVIEW, TX"
50,28,71,"GREENVILLE, TX"
72,21,71,"MANCHESTER, KY"
52,28,71,"MOUNT PLEASANT, TX"
82,26,71,"WILMINGTON, NC"
66,7,71,"SISTER BAY, WI"
51,29,71,"TYLER, TX"
71,5,71,"KINCHELOE, MI"
49,27,71,"SHERMAN, TX"
78,39,71,"WEST PALM BEACH, FL"
77,19,71,"SUMMERSVILLE, WV"
55,32,71,"LEESVILLE, LA"
78,23,71,"WINSTON SALEM, NC"
78,12,70,"ERIE, PA"
6,16,70,"QUINCY, CA"
49,35,70,"EDNA, TX"
90,15,70,"BAY SHORE, NY"
78,41,70,"MIAMI, FL"
67,10,70,"MUSKEGON, MI"
18,28,70,"NORTH OF YUMA, AZ"
51,30,70,"TYLER, TX"
63,32,70,"LUCEDALE, MS"
64,14,70,"KANKAKEE, IL"
56,14,70,"OTTUMWA, IA"
85,22,70,"VIRGINIA BEACH, VA"
66,13,70,"VALPARAISO, IN"
63,31,70,"WAYNESBORO, MS"
63,19,70,"MOUNT VERNON, IL"
69,4,70,"PARADISE, MI"
71,26,70,"ATLANTA, GA"
50,35,70,"BAY CITY, TX"
78,19,70,"MARLINTON, WV"
5,2,70,"EVERETT, WA"
50,26,70,"DURANT, OK"
5,3,70,"SEATTLE, WA"
65,7,69,"STURGEON BAY, WI"
65,14,69,"LOWELL, IN"
90,14,69,"STAMFORD, CT"
73,10,69,"NORTH BRANCH, MI"
74,33,69,"LAKE CITY, FL"
73,20,69,"SALYERSVILLE, KY"
74,11,69,"PORT HURON, MI"
82,24,69,"GOLDSBORO, NC"
48,32,69,"TEMPLE, TX"
70,33,69,"TALLAHASSEE, FL"
48,25,69,"LEXINGTON, OK"
63,11,69,"WHITEWATER, WI"
17,27,69,"BLYTHE, CA"
3,1,69,"OAK HARBOR, WA"
75,43,69,"WEST OF KEY WEST, FL"
50,29,69,"TERRELL, TX"
16,29,69,"HEBER, CA"
80,12,69,"GOWANDA, NY"
54,10,69,"FOREST CITY, IA"
71,31,69,"ALBANY, GA"
73,32,69,"VALDOSTA, GA"
79,20,69,"ROANOKE, VA"
74,10,69,"FORT GRATIOT, MI"
96,14,69,"NANTUCKET, MA"
95,11,69,"GLOUCESTER, MA"
76,43,69,"KEY WEST, FL"
4,18,69,"WEST SACRAMENTO, CA"
16,25,68,"NEEDLES, CA"
80,19,68,"HARRISONBURG, VA"
52,13,68,"ATLANTIC, IA"
48,27,68,"GAINESVILLE, TX"
68,28,68,"ALEXANDER CITY, AL"
54,32,68,"JASPER, TX"
50,7,68,"CANBY, MN"
68,8,68,"TRAVERSE CITY, MI"
68,7,68,"TRAVERSE CITY, MI"
58,15,68,"FORT MADISON, IA"
64,10,68,"MILWAUKEE, WI"
77,41,68,"MIAMI, FL"
52,8,68,"SLEEPY EYE, MN"
68,4,68,"GRAND MARAIS, MI"
50,5,68,"ELBOW LAKE, MN"
51,5,68,"FERGUS FALLS, MN"
52,6,68,"SAINT CLOUD, MN"
78,18,68,"BUCKHANNON, WV"
83,22,68,"EMPORIA, VA"
55,10,68,"MASON CITY, IA"
63,18,68,"FLORA, IL"
78,40,68,"FORT LAUDERDALE, FL"
81,19,68,"CHARLOTTESVILLE, VA"
52,33,68,"CLEVELAND, TX"
53,22,68,"ROGERS, AR"
74,13,68,"LORAIN, OH"
1,5,68,"ASTORIA, OR"
53,9,68,"MANKATO, MN"
69,12,68,"BATTLE CREEK, MI"
69,13,68,"COLDWATER, MI"
76,13,68,"CLEVELAND, OH"
72,9,68,"SEBEWAING, MI"
84,25,68,"NEWPORT, NC"
73,33,68,"LAKE CITY, FL"
50,8,68,"MARSHALL, MN"
84,24,68,"WASHINGTON, NC"
86,18,68,"RIDGELY, MD"
72,34,68,"PERRY, FL"
86,20,68,"PARKSLEY, VA"
74,32,68,"WAYCROSS, GA"
83,24,67,"GREENVILLE, NC"
84,17,67,"BALTIMORE, MD"
59,15,67,"MACOMB, IL"
59,16,67,"QUINCY, IL"
56,6,67,"NORTH BRANCH, MN"
81,25,67,"CLINTON, NC"
81,24,67,"DUNN, NC"
48,35,67,"VICTORIA, TX"
85,21,67,"NORFOLK, VA"
54,15,67,"BETHANY, MO"
47,38,67,"KINGSVILLE, TX"
63,14,67,"OTTAWA, IL"
72,27,67,"ATHENS, GA"
79,13,67,"TITUSVILLE, PA"
53,8,67,"MANKATO, MN"
64,15,67,"RANTOUL, IL"
73,31,67,"DOUGLAS, GA"
89,15,67,"NEW YORK, NY"
52,27,67,"BROKEN BOW, OK"
52,14,67,"RED OAK, IA"
52,7,67,"WILLMAR, MN"
51,35,67,"PEARLAND, TX"
66,14,67,"DEMOTTE, IN"
67,6,67,"GARDEN, MI"
51,34,67,"HOUSTON, TX"
67,12,67,"BENTON HARBOR, MI"
47,32,67,"KILLEEN, TX"
51,6,67,"ALEXANDRIA, MN"
50,34,67,"SUGAR LAND, TX"
69,6,67,"NE OF TRAVERSE CITY, MI"
76,14,67,"AKRON, OH"
49,33,67,"BRENHAM, TX"
49,32,67,"BRYAN, TX"
75,30,67,"GLENNVILLE, GA"
70,12,67,"JACKSON, MI"
70,29,67,"COLUMBUS, GA"
49,25,67,"ADA, OK"
49,6,67,"ORTONVILLE, MN"
67,32,67,"CRESTVIEW, FL"
73,14,67,"FREMONT, OH"
72,7,67,"ALPENA, MI"
74,23,67,"JOHNSON CITY, TN"
72,25,67,"TOCCOA, GA"
57,9,67,"ROCHESTER, MN"
73,12,66,"DETROIT, MI"
9,24,66,"WEST OF BAKERSFIELD, CA"
72,32,66,"VALDOSTA, GA"
60,32,66,"FRANKLINTON, LA"
79,14,66,"KITTANNING, PA"
57,11,66,"WATERLOO, IA"
2,5,66,"LONGVIEW, WA"
80,20,66,"LYNCHBURG, VA"
57,15,66,"MEMPHIS, MO"
81,15,66,"ALTOONA, PA"
68,12,66,"KALAMAZOO, MI"
4,5,66,"AMBOY, WA"
82,25,66,"RICHLANDS, NC"
47,36,66,"BEEVILLE, TX"
66,32,66,"MILTON, FL"
2,19,66,"BODEGA BAY, CA"
50,25,66,"KREBS, OK"
50,6,66,"MORRIS, MN"
3,18,66,"WINDSOR, CA"
69,22,66,"LIVINGSTON, TN"
64,11,66,"MILWAUKEE, WI"
73,30,66,"FITZGERALD, GA"
96,12,66,"TRURO, MA"
72,31,66,"TIFTON, GA"
65,9,66,"MANITOWOC, WI"
67,11,66,"HOLLAND, MI"
79,18,66,"FRANKLIN, WV"
65,8,66,"TWO RIVERS, WI"
53,32,66,"WOODVILLE, TX"
73,28,66,"MILLEDGEVILLE, GA"
77,40,66,"FORT LAUDERDALE, FL"
58,16,66,"QUINCY, IL"
84,18,66,"WASHINGTON, DC"
92,13,66,"STORRS MANSFIELD, CT"
79,24,66,"PINEHURST, NC"
65,16,66,"DANVILLE, IL"
50,30,66,"ATHENS, TX"
64,31,66,"JACKSON, AL"
52,30,66,"HENDERSON, TX"
45,31,65,"SAN SABA, TX"
77,12,65,"EAST SPRINGFIELD, PA"
72,8,65,"TAWAS CITY, MI"
51,31,65,"CROCKETT, TX"
95,12,65,"BROCKTON, MA"
95,13,65,"PLYMOUTH, MA"
79,15,65,"GREENSBURG, PA"
52,3,65,"BEMIDJI, MN"
79,21,65,"FOREST, VA"
83,25,65,"JACKSONVILLE, NC"
54,8,65,"NEW PRAGUE, MN"
63,10,65,"WATERTOWN, WI"
16,28,65,"CALEXICO, CA"
80,17,65,"CUMBERLAND, MD"
3,2,65,"BREMERTON, WA"
62,19,65,"DU QUOIN, IL"
55,6,65,"CAMBRIDGE, MN"
62,18,65,"CENTRALIA, IL"
54,23,65,"SPRINGDALE, AR"
55,5,65,"MORA, MN"
69,28,65,"LAGRANGE, GA"
69,29,65,"COLUMBUS, GA"
50,1,65,"STRATHCONA, MN"
61,12,65,"FREEPORT, IL"
49,29,65,"DALLAS, TX"
83,26,65,"HOLLY RIDGE, NC"
70,11,65,"LANSING, MI"
57,16,65,"SHELBINA, MO"
57,7,65,"MENOMONIE, WI"
75,25,65,"SPARTANBURG, SC"
81,21,65,"FARMVILLE, VA"
55,14,65,"KNOXVILLE, IA"
75,13,65,"CLEVELAND, OH"
46,31,65,"LAMPASAS, TX"
18,27,65,"PARKER, AZ"
48,29,65,"FORT WORTH, TX"
84,21,65,"NEWPORT NEWS, VA"
73,11,65,"STERLING HEIGHTS, MI"
46,33,65,"SANDY, TX"
52,22,65,"GROVE, OK"
47,37,65,"CORPUS CHRISTI, TX"
90,13,65,"WATERBURY, CT"
0,12,65,"BROOKINGS, OR"
53,7,65,"HUTCHINSON, MN"
6,17,65,"GRASS VALLEY, CA"
53,10,64,"ALGONA, IA"
48,31,64,"WACO, TX"
69,5,64,"NEWBERRY, MI"
49,4,64,"FARGO, ND"
48,40,64,"LASARA, TX"
54,22,64,"BENTONVILLE, AR"
71,6,64,"ONAWAY, MI"
71,12,64,"ANN ARBOR, MI"
73,27,64,"GREENSBORO, GA"
56,7,64,"STILLWATER, MN"
66,6,64,"ESCANABA, MI"
78,15,64,"PITTSBURGH, PA"
54,11,64,"CLARION, IA"
56,15,64,"CENTERVILLE, IA"
78,25,64,"CHERAW, SC"
63,9,64,"OSHKOSH, WI"
84,19,64,"WALDORF, MD"
51,26,64,"HUGO, OK"
72,6,64,"ROGERS CITY, MI"
72,26,64,"ATHENS, GA"
52,31,64,"LUFKIN, TX"
53,6,64,"SAINT CLOUD, MN"
82,18,64,"ASHBURN, VA"
98,9,64,"CAMDEN, ME"
69,32,64,"MARIANNA, FL"
62,11,64,"MADISON, WI"
100,8,64,"MACHIAS, ME"
54,31,64,"MANY, LA"
85,16,64,"LANCASTER, PA"
1,4,64,"ABERDEEN, WA"
58,10,64,"WAUKON, IA"
0,11,64,"PORT ORFORD, OR"
58,14,64,"MOUNT PLEASANT, IA"
62,14,64,"METAMORA, IL"
79,19,64,"HOT SPRINGS, VA"
79,16,64,"MORGANTOWN, WV"
69,21,64,"CAMPBELLSVILLE, KY"
13,26,64,"SAN BERNARDINO, CA"
53,31,64,"LUFKIN, TX"
87,17,64,"VINELAND, NJ"
67,5,64,"MANISTIQUE, MI"
81,20,64,"PALMYRA, VA"
72,13,64,"TOLEDO, OH"
46,32,64,"MARBLE FALLS, TX"
45,32,64,"LLANO, TX"
53,11,64,"HUMBOLDT, IA"
47,31,63,"GATESVILLE, TX"
47,40,63,"BROWNSVILLE, TX"
47,41,63,"BROWNSVILLE, TX"
48,6,63,"SISSETON, SD"
4,4,63,"GRAHAM, WA"
89,14,63,"BRONX, NY"
86,19,63,"SALISBURY, MD"
85,8,63,"WELLESLEY ISLAND, NY"
84,10,63,"AUBURN, NY"
82,22,63,"ROANOKE RAPIDS, NC"
82,19,63,"FREDERICKSBURG, VA"
81,22,63,"OXFORD, NC"
81,18,63,"FRONT ROYAL, VA"
78,27,63,"SUMTER, SC"
78,26,63,"HARTSVILLE, SC"
0,14,63,"SAMOA, CA"
16,24,63,"NIPTON, CA"
17,23,63,"LAS VEGAS, NV"
74,29,63,"SWAINSBORO, GA"
74,14,63,"MANSFIELD, OH"
72,33,63,"MADISON, FL"
71,32,63,"TALLAHASSEE, FL"
71,24,63,"MARYVILLE, TN"
70,28,63,"NEWNAN, GA"
70,13,63,"HILLSDALE, MI"
69,30,63,"EUFAULA, AL"
65,31,63,"MONROEVILLE, AL"
65,12,63,"CHICAGO, IL"
65,11,63,"MILWAUKEE, WI"
64,18,63,"OLNEY, IL"
64,9,63,"SHEBOYGAN, WI"
64,8,63,"GREEN BAY, WI"
63,15,63,"BLOOMINGTON, IL"
63,13,63,"AURORA, IL"
62,10,63,"MADISON, WI"
61,20,63,"JACKSON, MO"
60,31,63,"BROOKHAVEN, MS"
1,7,63,"LINCOLN CITY, OR"
57,10,63,"DECORAH, IA"
57,8,63,"LAKE CITY, MN"
56,13,63,"GRINNELL, IA"
56,12,63,"TAMA, IA"
56,8,63,"RED WING, MN"
55,22,63,"HARRISON, AR"
55,8,63,"SAINT PAUL, MN"
53,27,63,"TEXARKANA, TX"
53,12,63,"FORT DODGE, IA"
52,26,63,"VALLIANT, OK"
52,12,63,"CARROLL, IA"
52,10,63,"SPENCER, IA"
52,9,63,"WINDOM, MN"
51,8,63,"REDWOOD FALLS, MN"
51,3,63,"BAGLEY, MN"
51,0,63,"WARROAD, MN"
49,34,63,"LA GRANGE, TX"
49,5,63,"WAHPETON, ND"
71,27,62,"ATLANTA, GA"
64,19,62,"MOUNT VERNON, IN"
78,14,62,"NEW CASTLE, PA"
65,6,62,"STEPHENSON, MI"
2,4,62,"ROCHESTER, WA"
77,28,62,"SUMMERVILLE, SC"
56,11,62,"CEDAR FALLS, IA"
50,2,62,"THIEF RIVER FALLS, MN"
72,12,62,"DETROIT, MI"
47,30,62,"CLIFTON, TX"
58,3,62,"TWO HARBORS, MN"
58,8,62,"EAU CLAIRE, WI"
58,11,62,"GUTTENBERG, IA"
58,12,62,"CEDAR RAPIDS, IA"
58,13,62,"IOWA CITY, IA"
82,23,62,"ROCKY MOUNT, NC"
82,21,62,"CHESTERFIELD, VA"
70,31,62,"WEST OF ALBANY, GA"
58,32,62,"SAINT FRANCISVILLE, LA"
46,40,62,"MCALLEN, TX"
48,30,62,"HILLSBORO, TX"
54,6,62,"ELK RIVER, MN"
54,13,62,"DES MOINES, IA"
71,21,62,"LONDON, KY"
54,4,62,"CROSBY, MN"
52,11,62,"STORM LAKE, IA"
47,26,62,"DUNCAN, OK"
59,31,62,"LIBERTY, MS"
60,6,62,"PHILLIPS, WI"
69,31,62,"DOTHAN, AL"
5,6,62,"HOOD RIVER, OR"
54,14,62,"INDIANOLA, IA"
56,10,62,"OSAGE, IA"
53,24,62,"FORT SMITH, AR"
0,15,62,"FERNDALE, CA"
81,16,62,"BEDFORD, PA"
53,23,62,"FAYETTEVILLE, AR"
61,11,62,"MADISON, WI"
69,16,62,"MUNCIE, IN"
22,27,62,"PHOENIX, AZ"
81,11,62,"BATAVIA, NY"
4,6,62,"PORTLAND, OR"
51,25,62,"MCALESTER, OK"
51,12,62,"DENISON, IA"
68,32,62,"CHIPLEY, FL"
53,21,62,"JOPLIN, MO"
62,17,62,"TAYLORVILLE, IL"
57,14,62,"FAIRFIELD, IA"
51,10,62,"MILFORD, IA"
51,4,62,"DETROIT LAKES, MN"
80,16,62,"SOMERSET, PA"
80,13,62,"WARREN, PA"
49,7,62,"MILBANK, SD"
67,26,62,"ALBERTVILLE, AL"
63,17,62,"EFFINGHAM, IL"
51,2,62,"GONVICK, MN"
63,20,62,"MARION, IL"
71,9,62,"MIDLAND, MI"
63,21,62,"PADUCAH, KY"
53,13,62,"PERRY, IA"
49,24,62,"SEMINOLE, OK"
3,3,62,"TACOMA, WA"
67,13,62,"SOUTH BEND, IN"
88,12,62,"SAUGERTIES, NY"
49,28,62,"DALLAS, TX"
73,26,61,"ANDERSON, SC"
68,13,61,"ELKHART, IN"
70,5,61,"SAULT SAINTE MARIE, MI"
52,5,61,"STAPLES, MN"
52,4,61,"PARK RAPIDS, MN"
1,10,61,"NORTH BEND, OR"
21,27,61,"PHOENIX, AZ"
73,24,61,"WAYNESVILLE, NC"
95,10,61,"BIDDEFORD, ME"
61,13,61,"STERLING, IL"
53,26,61,"MENA, AR"
63,16,61,"DECATUR, IL"
50,4,61,"PERHAM, MN"
48,7,61,"WATERTOWN, SD"
86,17,61,"WILMINGTON, DE"
2,6,61,"PORTLAND, OR"
49,30,61,"CORSICANA, TX"
55,15,61,"UNIONVILLE, MO"
65,20,61,"EVANSVILLE, IN"
3,5,61,"KELSO, WA"
49,31,61,"MEXIA, TX"
51,11,61,"CHEROKEE, IA"
58,7,61,"EAU CLAIRE, WI"
0,10,61,"COOS BAY, OR"
55,12,61,"AMES, IA"
72,17,61,"HILLSBORO, OH"
74,26,61,"GREENWOOD, SC"
72,23,61,"KNOXVILLE, TN"
58,22,61,"CHEROKEE VILLAGE, AR"
1,11,61,"MYRTLE POINT, OR"
47,33,61,"AUSTIN, TX"
89,13,61,"POUGHKEEPSIE, NY"
74,24,61,"ASHEVILLE, NC"
72,16,61,"SPRINGFIELD, OH"
49,8,60,"BROOKINGS, SD"
50,10,60,"SIOUX CENTER, IA"
72,10,60,"FLINT, MI"
62,12,60,"ROCKFORD, IL"
72,5,60,"DRUMMOND ISLAND, MI"
14,27,60,"MORENO VALLEY, CA"
52,23,60,"TAHLEQUAH, OK"
55,23,60,"JASPER, AR"
76,19,60,"CHARLESTON, WV"
53,4,60,"PEQUOT LAKES, MN"
46,30,60,"STEPHENVILLE, TX"
70,27,60,"ATLANTA, GA"
70,26,60,"MARIETTA, GA"
70,25,60,"DALTON, GA"
62,13,60,"DIXON, IL"
77,16,60,"WHEELING, WV"
82,17,60,"HAGERSTOWN, MD"
21,28,60,"WEST OF PHOENIX, AZ"
77,24,60,"CHARLOTTE, NC"
68,31,60,"ENTERPRISE, AL"
50,32,60,"COLLEGE STATION, TX"
68,17,60,"COLUMBUS, IN"
55,31,60,"ANACOCO, LA"
1,6,60,"TILLAMOOK, OR"
68,29,60,"TALLASSEE, AL"
64,7,60,"OCONTO, WI"
69,7,60,"TRAVERSE CITY, MI"
74,28,60,"LOUISVILLE, GA"
62,7,60,"ANTIGO, WI"
62,20,60,"CARBONDALE, IL"
55,11,60,"HAMPTON, IA"
75,29,60,"STATESBORO, GA"
44,33,60,"INGRAM, TX"
62,8,60,"WAUPACA, WI"
72,28,60,"MACON, GA"
68,11,60,"GRAND RAPIDS, MI"
68,10,60,"ROCKFORD, MI"
54,5,60,"ONAMIA, MN"
60,22,60,"POPLAR BLUFF, MO"
69,27,60,"CARROLLTON, GA"
88,15,60,"NEWARK, NJ"
59,14,60,"BURLINGTON, IA"
71,10,60,"SAGINAW, MI"
51,9,60,"WORTHINGTON, MN"
51,33,60,"SPRING, TX"
2,1,60,"FRIDAY HARBOR, WA"
53,14,60,"CRESTON, IA"
60,30,60,"JACKSON, MS"
81,17,60,"WINCHESTER, VA"
80,18,60,"BROADWAY, VA"
64,6,60,"KINGSFORD, MI"
63,7,60,"KESHENA, WI"
67,24,60,"SHELBYVILLE, TN"
63,8,60,"APPLETON, WI"
69,15,60,"MUNCIE, IN"
2,9,60,"EUGENE, OR"
50,31,60,"TEAGUE, TX"
48,33,60,"AUSTIN, TX"
4,7,60,"PORTLAND, OR"
1,3,60,"HOQUIAM, WA"
61,17,60,"LITCHFIELD, IL"
44,34,60,"LEAKEY, TX"
47,35,59,"KENEDY, TX"
55,21,59,"SPRINGFIELD, MO"
70,32,59,"HAVANA, FL"
23,27,59,"NE OF PHOENIX, AZ"
23,28,59,"PHOENIX, AZ"
72,29,59,"MACON, GA"
46,37,59,"ORANGE GROVE, TX"
75,28,59,"AUGUSTA, GA"
17,22,59,"LAS VEGAS, NV"
69,24,59,"CHATTANOOGA, TN"
73,23,59,"GREENEVILLE, TN"
73,19,59,"ASHLAND, KY"
20,27,59,"WEST OF PHOENIX, AZ"
16,23,59,"LAS VEGAS, NV"
68,27,59,"ANNISTON, AL"
68,16,59,"INDIANAPOLIS, IN"
68,15,59,"MARION, IN"
76,26,59,"COLUMBIA, SC"
49,10,59,"SIOUX FALLS, SD"
67,18,59,"BLOOMINGTON, IN"
15,25,59,"SAN BERNARDINO, CA"
45,30,59,"BROWNWOOD, TX"
66,19,59,"JASPER, IN"
66,18,59,"WASHINGTON, IN"
45,29,59,"BRECKENRIDGE, TX"
65,19,59,"EVANSVILLE, IN"
50,3,59,"FOSSTON, MN"
65,15,59,"WATSEKA, IL"
44,35,59,"UVALDE, TX"
64,20,59,"MORGANFIELD, KY"
64,16,59,"CHAMPAIGN, IL"
44,32,59,"FREDONIA, TX"
3,4,59,"OLYMPIA, WA"
3,6,59,"PORTLAND, OR"
51,13,59,"HARLAN, IA"
50,33,59,"BRENHAM, TX"
48,34,59,"SCHULENBURG, TX"
63,6,59,"CRANDON, WI"
80,21,59,"LYNCHBURG, VA"
62,9,59,"BERLIN, WI"
22,28,59,"PHOENIX, AZ"
61,7,59,"WAUSAU, WI"
5,4,59,"PACKWOOD, WA"
52,2,59,"BEMIDJI, MN"
60,17,59,"JERSEYVILLE, IL"
60,12,59,"MAQUOKETA, IA"
60,7,59,"MEDFORD, WI"
60,4,59,"IRONWOOD, MI"
91,13,59,"HARTFORD, CT"
59,21,59,"ELLSINORE, MO"
82,15,59,"HUNTINGDON, PA"
59,11,59,"DUBUQUE, IA"
6,2,59,"LEAVENWORTH, WA"
52,32,59,"LIVINGSTON, TX"
53,3,59,"CASS LAKE, MN"
58,2,59,"ISABELLA, MN"
57,32,59,"OPELOUSAS, LA"
53,5,59,"BRAINERD, MN"
6,18,59,"SACRAMENTO, CA"
57,13,59,"WILLIAMSBURG, IA"
47,39,59,"ARMSTRONG, TX"
48,28,59,"FORT WORTH, TX"
87,19,59,"OCEAN CITY, MD"
53,28,59,"TEXARKANA, TX"
83,21,59,"PETERSBURG, VA"
53,19,58,"BUTLER, MO"
62,16,58,"DECATUR, IL"
62,15,58,"BLOOMINGTON, IL"
65,21,58,"HOPKINSVILLE, KY"
54,12,58,"AMES, IA"
68,23,58,"COOKEVILLE, TN"
11,25,58,"ROSAMOND, CA"
69,17,58,"CONNERSVILLE, IN"
69,14,58,"FORT WAYNE, IN"
68,25,58,"SCOTTSBORO, AL"
46,38,58,"ALICE, TX"
53,15,58,"ALBANY, MO"
62,5,58,"EAGLE RIVER, WI"
6,19,58,"STOCKTON, CA"
69,10,58,"GREENVILLE, MI"
43,34,58,"CAMP WOOD, TX"
46,29,58,"MINERAL WELLS, TX"
57,31,58,"PINEVILLE, LA"
1,14,58,"ARCATA, CA"
86,16,58,"WILMINGTON, DE"
72,20,58,"JACKSON, KY"
47,29,58,"FORT WORTH, TX"
50,9,58,"LUVERNE, MN"
75,24,58,"SHELBY, NC"
58,29,58,"RAYVILLE, LA"
75,26,58,"LAURENS, SC"
48,5,58,"WAHPETON, ND"
72,24,58,"FRANKLIN, NC"
57,12,58,"WATERLOO, IA"
79,25,58,"ROCKINGHAM, NC"
1,17,58,"FORT BRAGG, CA"
59,5,58,"MASON, WI"
1,18,58,"MANCHESTER, CA"
54,21,58,"REPUBLIC, MO"
18,26,58,"FONTANA, CA"
59,7,58,"STANLEY, WI"
59,24,58,"WYNNE, AR"
53,18,58,"KANSAS CITY, MO"
73,29,58,"DUBLIN, GA"
59,30,58,"PORT GIBSON, MS"
2,18,58,"GUALALA, CA"
80,15,58,"JOHNSTOWN, PA"
60,5,58,"HURLEY, WI"
45,33,58,"KERRVILLE, TX"
62,31,58,"HATTIESBURG, MS"
17,26,58,"VICTORVILLE, CA"
2,3,58,"OLYMPIA, WA"
57,22,58,"WEST PLAINS, MO"
78,17,58,"MORGANTOWN, WV"
62,26,58,"OXFORD, MS"
76,24,58,"GASTONIA, NC"
16,22,58,"LAS VEGAS, NV"
71,23,58,"KNOXVILLE, TN"
57,6,58,"RICE LAKE, WI"
81,23,58,"RALEIGH, NC"
61,5,58,"LAC DU FLAMBEAU, WI"
61,6,58,"WOODRUFF, WI"
64,17,58,"CHARLESTON, IL"
64,13,57,"CHICAGO, IL"
54,24,57,"CLARKSVILLE, AR"
44,29,57,"ABILENE, TX"
79,17,57,"OAKLAND, MD"
67,19,57,"CORYDON, IN"
63,26,57,"TUPELO, MS"
67,20,57,"LEITCHFIELD, KY"
79,26,57,"FLORENCE, SC"
18,25,57,"LAKE HAVASU CITY, AZ"
1,9,57,"FLORENCE, OR"
46,39,57,"ENCINO, TX"
47,27,57,"BOWIE, TX"
43,35,57,"UVALDE, TX"
80,23,57,"DURHAM, NC"
68,26,57,"GADSDEN, AL"
62,6,57,"RHINELANDER, WI"
62,4,57,"ONTONAGON, MI"
43,32,57,"MENARD, TX"
61,22,57,"MALDEN, MO"
72,15,57,"MARYSVILLE, OH"
61,16,57,"SPRINGFIELD, IL"
61,10,57,"REEDSBURG, WI"
20,29,57,"EAST OF DATELAND, AZ"
73,15,57,"MARION, OH"
24,27,57,"GLOBE, AZ"
60,27,57,"GREENWOOD, MS"
69,26,57,"ROME, GA"
52,0,57,"BAUDETTE, MN"
33,28,57,"ALAMOGORDO, NM"
71,20,57,"RICHMOND, KY"
57,4,57,"DULUTH, MN"
17,24,57,"BULLHEAD CITY, AZ"
17,25,57,"BULLHEAD CITY, AZ"
60,10,57,"RICHLAND CENTER, WI"
42,35,57,"BRACKETTVILLE, TX"
60,8,57,"MARSHFIELD, WI"
68,14,57,"WARSAW, IN"
83,20,57,"RICHMOND, VA"
59,26,57,"WEST HELENA, AR"
5,17,57,"OROVILLE, CA"
52,15,57,"SHENANDOAH, IA"
5,18,57,"SACRAMENTO, CA"
59,2,57,"LUTSEN, MN"
70,22,57,"JAMESTOWN, TN"
88,17,57,"ATLANTIC CITY, NJ"
88,16,57,"TRENTON, NJ"
58,24,57,"SEARCY, AR"
58,23,57,"BATESVILLE, AR"
53,1,57,"BIRCHDALE, MN"
58,17,57,"VANDALIA, MO"
82,20,57,"RICHMOND, VA"
18,23,57,"MEADVIEW, AZ"
55,13,57,"NEWTON, IA"
86,9,57,"LOWVILLE, NY"
58,9,57,"LA CROSSE, WI"
18,24,57,"KINGMAN, AZ"
53,30,57,"CARTHAGE, TX"
57,30,57,"COLUMBIA, LA"
71,11,57,"LANSING, MI"
77,26,57,"COLUMBIA, SC"
45,23,57,"THOMAS, OK"
77,17,57,"NEW MARTINSVILLE, WV"
77,15,57,"STEUBENVILLE, OH"
65,17,57,"TERRE HAUTE, IN"
66,20,57,"OWENSBORO, KY"
99,8,57,"ELLSWORTH, ME"
71,28,57,"GRIFFIN, GA"
45,38,57,"BRUNI, TX"
77,14,57,"YOUNGSTOWN, OH"
78,16,57,"WASHINGTON, PA"
66,5,56,"RAPID RIVER, MI"
45,35,56,"SAN ANTONIO, TX"
10,24,56,"BAKERSFIELD, CA"
52,24,56,"SALLISAW, OK"
57,21,56,"WILLOW SPRINGS, MO"
44,31,56,"BRADY, TX"
55,4,56,"AITKIN, MN"
55,3,56,"GRAND RAPIDS, MN"
70,14,56,"DECATUR, IN"
21,26,56,"PRESCOTT, AZ"
53,29,56,"MARSHALL, TX"
61,32,56,"BOGALUSA, LA"
61,31,56,"COLUMBIA, MS"
7,20,56,"MERCED, CA"
80,25,56,"FAYETTEVILLE, NC"
74,25,56,"GREENVILLE, SC"
82,13,56,"COUDERSPORT, PA"
51,14,56,"COUNCIL BLUFFS, IA"
51,15,56,"ROCK PORT, MO"
61,23,56,"BLYTHEVILLE, AR"
71,8,56,"WEST BRANCH, MI"
70,6,56,"PETOSKEY, MI"
76,18,56,"SPENCER, WV"
56,23,56,"MOUNTAIN HOME, AR"
59,10,56,"PRAIRIE DU CHIEN, WI"
69,9,56,"BIG RAPIDS, MI"
83,14,56,"WILLIAMSPORT, PA"
80,24,56,"FAYETTEVILLE, NC"
47,28,56,"WEATHERFORD, TX"
77,18,56,"WESTON, WV"
15,27,56,"RIVERSIDE, CA"
61,14,56,"PEORIA, IL"
70,9,56,"MOUNT PLEASANT, MI"
47,25,56,"DUNCAN, OK"
70,21,56,"SOMERSET, KY"
59,3,56,"SCHROEDER, MN"
94,12,56,"BOSTON, MA"
46,28,56,"JACKSBORO, TX"
67,14,56,"PLYMOUTH, IN"
44,36,56,"CARRIZO SPRINGS, TX"
60,13,56,"DAVENPORT, IA"
67,27,56,"BIRMINGHAM, AL"
70,10,56,"MOUNT PLEASANT, MI"
70,24,56,"CLEVELAND, TN"
20,28,56,"SW OF PHOENIX, AZ"
62,27,56,"EUPORA, MS"
73,25,56,"SENECA, SC"
1,12,56,"O BRIEN, OR"
63,27,56,"COLUMBUS, MS"
51,32,56,"HUNTSVILLE, TX"
64,28,56,"GORDO, AL"
87,16,56,"PHILADELPHIA, PA"
66,31,56,"EVERGREEN, AL"
58,30,56,"WINNSBORO, LA"
43,37,56,"NW OF LAREDO, TX"
60,23,56,"JONESBORO, AR"
44,39,56,"ZAPATA, TX"
33,27,56,"RUIDOSO, NM"
61,30,56,"JACKSON, MS"
76,25,56,"ROCK HILL, SC"
58,27,56,"MONTICELLO, AR"
64,3,56,"MOHAWK, MI"
57,3,56,"DULUTH, MN"
66,26,56,"DECATUR, AL"
60,11,56,"DODGEVILLE, WI"
49,9,56,"SIOUX FALLS, SD"
58,21,56,"MOUNTAIN VIEW, MO"
71,13,56,"ADRIAN, MI"
54,3,56,"GRAND RAPIDS, MN"
101,7,56,"LUBEC, ME"
44,30,56,"COLEMAN, TX"
45,34,56,"SAN ANTONIO, TX"
15,24,56,"BAKER, CA"
44,38,55,"LAREDO, TX"
60,16,55,"JACKSONVILLE, IL"
2,7,55,"SALEM, OR"
2,10,55,"MYRTLE CREEK, OR"
7,21,55,"MERCED, CA"
49,3,55,"ADA, MN"
83,19,55,"FREDERICKSBURG, VA"
60,2,55,"GRAND MARAIS, MN"
63,5,55,"IRON RIVER, MI"
59,27,55,"GREENVILLE, MS"
57,24,55,"HEBER SPRINGS, AR"
59,23,55,"JONESBORO, AR"
59,22,55,"POCAHONTAS, AR"
8,20,55,"MARIPOSA, CA"
57,23,55,"MOUNTAIN VIEW, AR"
75,27,55,"AUGUSTA, GA"
54,19,55,"CLINTON, MO"
59,13,55,"MUSCATINE, IA"
59,12,55,"DUBUQUE, IA"
54,16,55,"CHILLICOTHE, MO"
7,19,55,"SONORA, CA"
59,8,55,"BLACK RIVER FALLS, WI"
59,6,55,"LADYSMITH, WI"
63,12,55,"AURORA, IL"
82,16,55,"HAGERSTOWN, MD"
67,25,55,"HUNTSVILLE, AL"
67,23,55,"MURFREESBORO, TN"
58,31,55,"NATCHEZ, MS"
79,22,55,"DANVILLE, VA"
54,7,55,"MINNEAPOLIS, MN"
64,4,55,"MICHIGAMME, MI"
71,29,55,"FORT VALLEY, GA"
14,24,55,"FORT IRWIN, CA"
86,8,55,"THERESA, NY"
55,7,55,"MINNEAPOLIS, MN"
50,11,55,"LE MARS, IA"
41,35,55,"DEL RIO, TX"
58,6,55,"CAMERON, WI"
1,8,55,"NEWPORT, OR"
77,25,55,"CHARLOTTE, NC"
51,23,55,"BROKEN ARROW, OK"
46,34,55,"SAN ANTONIO, TX"
69,11,55,"IONIA, MI"
46,35,55,"SAN ANTONIO, TX"
73,16,55,"COLUMBUS, OH"
67,31,55,"ANDALUSIA, AL"
71,22,55,"LA FOLLETTE, TN"
73,17,55,"CHILLICOTHE, OH"
15,23,55,"PAHRUMP, NV"
74,27,55,"AUGUSTA, GA"
56,5,55,"PINE CITY, MN"
47,34,55,"SEGUIN, TX"
61,4,55,"WAKEFIELD, MI"
61,2,55,"GRAND PORTAGE, MN"
93,12,55,"WORCESTER, MA"
50,12,55,"SIOUX CITY, IA"
60,26,55,"CLARKSDALE, MS"
88,13,55,"MIDDLETOWN, NY"
54,29,55,"SHREVEPORT, LA"
17,21,55,"NE OF LAS VEGAS, NV"
87,15,55,"TRENTON, NJ"
85,9,55,"WATERTOWN, NY"
60,20,55,"FARMINGTON, MO"
62,21,55,"CHARLESTON, MO"
72,14,54,"FINDLAY, OH"
71,30,54,"AMERICUS, GA"
22,26,54,"MAYER, AZ"
70,30,54,"BUENA VISTA, GA"
23,26,54,"PAYSON, AZ"
70,20,54,"LEXINGTON, KY"
16,26,54,"RIALTO, CA"
68,24,54,"MANCHESTER, TN"
68,22,54,"LAFAYETTE, TN"
68,18,54,"SEYMOUR, IN"
67,17,54,"BLOOMINGTON, IN"
67,15,54,"KOKOMO, IN"
77,13,54,"ASHTABULA, OH"
14,26,54,"SAN BERNARDINO, CA"
78,13,54,"MEADVILLE, PA"
48,4,54,"FARGO, ND"
80,14,54,"DU BOIS, PA"
63,3,54,"HOUGHTON, MI"
62,29,54,"PHILADELPHIA, MS"
62,23,54,"DYERSBURG, TN"
48,1,54,"GRAFTON, ND"
48,0,54,"HALLOCK, MN"
61,19,54,"BELLEVILLE, IL"
61,15,54,"PEORIA, IL"
61,8,54,"WISCONSIN RAPIDS, WI"
60,25,54,"MEMPHIS, TN"
82,10,54,"ROCHESTER, NY"
82,11,54,"DANSVILLE, NY"
59,29,54,"VICKSBURG, MS"
58,20,54,"ROLLA, MO"
83,15,54,"CAMP HILL, PA"
57,27,54,"WARREN, AR"
56,29,54,"RUSTON, LA"
55,28,54,"MAGNOLIA, AR"
48,24,54,"OKLAHOMA CITY, OK"
86,15,54,"ALLENTOWN, PA"
54,18,54,"WARRENSBURG, MO"
87,11,54,"NEW HARTFORD, NY"
53,25,54,"WALDRON, AR"
53,17,54,"KANSAS CITY, MO"
52,25,54,"HEAVENER, OK"
47,24,54,"OKLAHOMA CITY, OK"
42,31,54,"SAN ANGELO, TX"
43,33,54,"JUNCTION, TX"
3,17,54,"LUCERNE, CA"
97,9,54,"ROCKLAND, ME"
3,7,54,"SALEM, OR"
2,2,54,"PORT ANGELES, WA"
1,16,54,"LEGGETT, CA"
49,2,54,"CROOKSTON, MN"
48,10,54,"PARKER, SD"
19,28,54,"NE OF YUMA, AZ"
53,2,53,"BLACKDUCK, MN"
61,25,53,"MEMPHIS, TN"
85,11,53,"SYRACUSE, NY"
61,24,53,"MEMPHIS, TN"
58,26,53,"STUTTGART, AR"
61,21,53,"CAPE GIRARDEAU, MO"
46,23,53,"WATONGA, OK"
59,4,53,"ASHLAND, WI"
81,12,53,"OLEAN, NY"
79,23,53,"GREENSBORO, NC"
81,14,53,"CLEARFIELD, PA"
4,17,53,"ORLAND, CA"
33,26,53,"CORONA, NM"
82,14,53,"STATE COLLEGE, PA"
60,21,53,"PIEDMONT, MO"
60,15,53,"CANTON, IL"
5,8,53,"SISTERS, OR"
46,22,53,"FAIRVIEW, OK"
59,25,53,"FORREST CITY, AR"
72,30,53,"CORDELE, GA"
76,27,53,"COLUMBIA, SC"
49,1,53,"WARREN, MN"
21,29,53,"SW OF PHOENIX, AZ"
67,30,53,"MONTGOMERY, AL"
66,27,53,"BIRMINGHAM, AL"
66,25,53,"HUNTSVILLE, AL"
55,19,53,"WARSAW, MO"
56,22,53,"MOUNTAIN HOME, AR"
66,21,53,"RUSSELLVILLE, KY"
69,25,53,"CHATTANOOGA, TN"
1,13,53,"CRESCENT CITY, CA"
56,30,53,"WINNFIELD, LA"
73,18,53,"PORTSMOUTH, OH"
0,3,53,"TAHOLAH, WA"
56,32,53,"ALEXANDRIA, LA"
56,3,53,"HIBBING, MN"
55,18,53,"SEDALIA, MO"
55,30,53,"NATCHITOCHES, LA"
15,22,53,"PAHRUMP, NV"
66,17,53,"BRAZIL, IN"
45,22,53,"WAYNOKA, OK"
2,8,53,"CORVALLIS, OR"
48,9,53,"MADISON, SD"
72,11,53,"FLINT, MI"
65,27,53,"JASPER, AL"
65,18,53,"VINCENNES, IN"
14,25,53,"CRESTLINE, CA"
2,17,53,"UKIAH, CA"
16,21,53,"NORTH OF LAS VEGAS, NV"
64,27,53,"COLUMBUS, MS"
48,2,53,"GRAND FORKS, ND"
88,14,53,"PATERSON, NJ"
12,23,53,"NORTH OF RIDGECREST, CA"
43,31,53,"EDEN, TX"
58,4,53,"IRON RIVER, WI"
58,5,53,"HAYWARD, WI"
43,30,53,"BALLINGER, TX"
56,31,52,"ALEXANDRIA, LA"
19,25,52,"NE OF FONTANA, CA"
56,4,52,"CLOQUET, MN"
8,21,52,"FRESNO, CA"
19,24,52,"LAKE HAVASU CITY, AZ"
56,16,52,"KIRKSVILLE, MO"
56,21,52,"MOUNTAIN GROVE, MO"
56,28,52,"EL DORADO, AR"
70,23,52,"HARRIMAN, TN"
57,2,52,"ELY, MN"
57,5,52,"SPOONER, WI"
53,20,52,"NEVADA, MO"
9,21,52,"CLOVIS, CA"
83,17,52,"SILVER SPRING, MD"
83,16,52,"CAMP HILL, PA"
57,25,52,"LITTLE ROCK, AR"
54,26,52,"NASHVILLE, AR"
89,12,52,"KINGSTON, NY"
52,18,52,"SHAWNEE MISSION, KS"
59,20,52,"MINERAL POINT, MO"
34,26,52,"NE OF RUIDOSO, NM"
10,23,52,"PORTERVILLE, CA"
5,7,52,"MAUPIN, OR"
32,27,52,"NW OF ALAMOGORDO, NM"
51,24,52,"MUSKOGEE, OK"
55,29,52,"MINDEN, LA"
61,27,52,"GRENADA, MS"
43,29,52,"ABILENE, TX"
11,23,52,"SHAFTER, CA"
63,4,52,"LANSE, MI"
14,22,52,"AMARGOSA VALLEY, NV"
63,22,52,"MARTIN, TN"
63,28,52,"MACON, MS"
63,29,52,"MERIDIAN, MS"
63,30,52,"QUITMAN, MS"
64,21,52,"BENTON, KY"
64,26,52,"RUSSELLVILLE, AL"
45,3,52,"CARRINGTON, ND"
74,16,52,"NEWARK, OH"
2,11,52,"ROSEBURG, OR"
45,21,52,"ALVA, OK"
66,15,52,"LAFAYETTE, IN"
66,24,52,"COLUMBIA, TN"
46,0,52,"LANGDON, ND"
15,26,52,"YUCCA VALLEY, CA"
67,16,52,"INDIANAPOLIS, IN"
49,11,52,"SIOUX CITY, IA"
67,21,52,"BOWLING GREEN, KY"
69,20,52,"BARDSTOWN, KY"
19,27,52,"SALOME, AZ"
48,23,52,"STILLWATER, OK"
55,16,52,"BROOKFIELD, MO"
55,2,52,"NETT LAKE, MN"
19,26,52,"WENDEN, AZ"
55,20,52,"BOLIVAR, MO"
54,30,52,"MANSFIELD, LA"
58,25,51,"CARLISLE, AR"
61,28,51,"KOSCIUSKO, MS"
36,33,51,"MARFA, TX"
80,22,51,"SOUTH BOSTON, VA"
62,22,51,"UNION CITY, TN"
62,24,51,"BOLIVAR, TN"
62,28,51,"LOUISVILLE, MS"
71,7,51,"LEWISTON, MI"
54,17,51,"RICHMOND, MO"
70,7,51,"GAYLORD, MI"
71,16,51,"DAYTON, OH"
61,26,51,"BATESVILLE, MS"
13,23,51,"DEATH VALLEY, CA"
64,5,51,"IRON MOUNTAIN, MI"
57,28,51,"CROSSETT, AR"
64,12,51,"CHICAGO, IL"
56,1,51,"CRANE LAKE, MN"
57,26,51,"PINE BLUFF, AR"
61,9,51,"MAUSTON, WI"
65,4,51,"MARQUETTE, MI"
98,7,51,"BANGOR, ME"
88,11,51,"AMSTERDAM, NY"
70,16,51,"GREENVILLE, OH"
77,27,51,"COLUMBIA, SC"
57,19,51,"JEFFERSON CITY, MO"
85,15,51,"READING, PA"
65,26,51,"RUSSELLVILLE, AL"
57,18,51,"COLUMBIA, MO"
65,28,51,"TUSCALOOSA, AL"
65,29,51,"GREENSBORO, AL"
45,24,51,"WEATHERFORD, OK"
66,16,51,"CRAWFORDSVILLE, IN"
67,28,51,"SYLACAUGA, AL"
56,20,51,"LEBANON, MO"
86,12,51,"ENDICOTT, NY"
15,21,51,"NW OF LAS VEGAS, NV"
22,29,51,"SOUTH OF PHOENIX, AZ"
35,28,51,"ROSWELL, NM"
49,23,51,"CUSHING, OK"
67,22,51,"HENDERSONVILLE, TN"
67,29,51,"MONTGOMERY, AL"
15,28,51,"NILAND, CA"
74,19,51,"HUNTINGTON, WV"
76,28,51,"BARNWELL, SC"
56,19,51,"CAMDENTON, MO"
56,18,51,"COLUMBIA, MO"
46,24,51,"ANADARKO, OK"
46,27,51,"WICHITA FALLS, TX"
68,20,51,"ELIZABETHTOWN, KY"
68,30,51,"TROY, AL"
76,16,51,"CALDWELL, OH"
52,19,51,"LA CYGNE, KS"
8,22,51,"FRESNO, CA"
42,32,51,"SONORA, TX"
60,14,51,"GALESBURG, IL"
59,17,51,"BOWLING GREEN, MO"
5,5,51,"TROUT LAKE, WA"
60,24,51,"WEST MEMPHIS, AR"
60,29,51,"JACKSON, MS"
59,9,51,"LA CROSSE, WI"
61,18,51,"BELLEVILLE, IL"
58,28,51,"OAK GROVE, LA"
71,15,50,"LIMA, OH"
55,27,50,"PRESCOTT, AR"
54,2,50,"BIGFORK, MN"
47,1,50,"CAVALIER, ND"
54,27,50,"TEXARKANA, AR"
75,19,50,"CHARLESTON, WV"
3,9,50,"EUGENE, OR"
19,23,50,"WIKIEUP, AZ"
63,23,50,"HUMBOLDT, TN"
18,22,50,"MESQUITE, NV"
54,28,50,"FOUKE, AR"
55,17,50,"MARSHALL, MO"
47,0,50,"WALHALLA, ND"
58,19,50,"SAINT JAMES, MO"
57,29,50,"MONROE, LA"
84,11,50,"AUBURN, NY"
34,29,50,"SW OF ROSWELL, NM"
65,25,50,"FLORENCE, AL"
76,17,50,"PARKERSBURG, WV"
50,24,50,"OKMULGEE, OK"
55,1,50,"RAY, MN"
50,14,50,"OMAHA, NE"
76,15,50,"CANTON, OH"
47,23,50,"KINGFISHER, OK"
1,15,50,"EUREKA, CA"
13,24,50,"EAST OF RIDGECREST, CA"
13,25,50,"NW OF SAN BERNARDINO, CA"
87,8,50,"POTSDAM, NY"
69,19,50,"LOUISVILLE, KY"
60,19,50,"SAINT LOUIS, MO"
64,24,50,"SAVANNAH, TN"
59,28,50,"GREENVILLE, MS"
60,28,50,"BELZONI, MS"
45,2,50,"NEW ROCKFORD, ND"
43,28,50,"STAMFORD, TX"
1,2,50,"PORT ANGELES, WA"
52,17,50,"KANSAS CITY, MO"
51,21,50,"COFFEYVILLE, KS"
65,5,50,"ISHPEMING, MI"
57,20,50,"ROLLA, MO"
9,23,50,"VISALIA, CA"
87,7,50,"NORFOLK, NY"
94,10,50,"ROCHESTER, NH"
72,19,50,"MOREHEAD, KY"
56,24,50,"CONWAY, AR"
66,23,50,"NASHVILLE, TN"
69,8,50,"KALKASKA, MI"
69,18,50,"MADISON, IN"
7,18,50,"POLLOCK PINES, CA"
48,8,50,"ARLINGTON, SD"
66,28,50,"BIRMINGHAM, AL"
72,22,50,"NEW TAZEWELL, TN"
96,8,50,"AUGUSTA, ME"
56,2,49,"DULUTH, MN"
52,16,49,"SAINT JOSEPH, MO"
53,16,49,"MAYSVILLE, MO"
5,16,49,"CHICO, CA"
47,2,49,"LARIMORE, ND"
85,10,49,"SYRACUSE, NY"
45,28,49,"GRAHAM, TX"
55,26,49,"HOT SPRINGS NATIONAL PARK, AR"
87,14,49,"EASTON, PA"
66,30,49,"MINTER, AL"
15,20,49,"SE OF TONOPAH, NV"
6,7,49,"TYGH VALLEY, OR"
39,33,49,"SANDERSON, TX"
60,9,49,"TOMAH, WI"
7,22,49,"KERMAN, CA"
32,26,49,"SE OF ALBUQUERQUE, NM"
83,13,49,"WELLSBORO, PA"
20,26,49,"NW OF PHOENIX, AZ"
69,23,49,"COOKEVILLE, TN"
59,19,49,"UNION, MO"
87,13,49,"HONESDALE, PA"
44,0,49,"ROCKLAKE, ND"
62,25,49,"HOLLY SPRINGS, MS"
51,16,49,"FALLS CITY, NE"
62,30,49,"LAUREL, MS"
24,31,49,"NOGALES, AZ"
0,2,49,"FORKS, WA"
3,8,49,"LEBANON, OR"
63,24,49,"JACKSON, TN"
70,8,49,"GRAYLING, MI"
48,22,49,"PONCA CITY, OK"
44,22,49,"WOODWARD, OK"
44,23,49,"VICI, OK"
84,16,49,"YORK, PA"
50,23,49,"TULSA, OK"
50,13,49,"BLAIR, NE"
64,22,49,"MURRAY, KY"
68,19,49,"LOUISVILLE, KY"
70,15,49,"CELINA, OH"
64,29,49,"DEMOPOLIS, AL"
51,22,49,"CLAREMORE, OK"
16,27,49,"DESERT CENTER, CA"
2,12,49,"GRANTS PASS, OR"
46,2,48,"LAKOTA, ND"
3,10,48,"GLIDE, OR"
6,3,48,"CLE ELUM, WA"
9,22,48,"VISALIA, CA"
12,24,48,"RIDGECREST, CA"
0,1,48,"NEAH BAY, WA"
14,23,48,"SHOSHONE, CA"
17,20,48,"PIOCHE, NV"
24,28,48,"NORTH OF TUCSON, AZ"
25,29,48,"NE OF TUCSON, AZ"
32,28,48,"HOLLOMAN AIR FORCE BASE, NM"
33,30,48,"EAST OF EL PASO, TX"
35,26,48,"TAIBAN, NM"
35,29,48,"ARTESIA, NM"
41,32,48,"SW OF SAN ANGELO, TX"
46,21,48,"ANTHONY, KS"
46,25,48,"LAWTON, OK"
46,26,48,"WALTERS, OK"
47,12,48,"NORFOLK, NE"
47,21,48,"CALDWELL, KS"
47,22,48,"ENID, OK"
48,3,48,"CASSELTON, ND"
48,14,48,"SEWARD, NE"
48,21,48,"ARKANSAS CITY, KS"
49,19,48,"COTTONWOOD FALLS, KS"
49,21,48,"BURDEN, KS"
54,20,48,"EL DORADO SPRINGS, MO"
56,26,48,"MALVERN, AR"
63,25,48,"CORINTH, MS"
64,23,48,"CAMDEN, TN"
65,30,48,"THOMASVILLE, AL"
66,22,48,"NASHVILLE, TN"
66,29,48,"SELMA, AL"
71,14,48,"LIMA, OH"
74,17,48,"LOGAN, OH"
75,14,48,"AKRON, OH"
83,18,48,"WASHINGTON, DC"
87,9,48,"OLD FORGE, NY"
87,10,48,"UTICA, NY"
88,10,48,"GLOVERSVILLE, NY"
94,11,48,"LAWRENCE, MA"
34,25,47,"VAUGHN, NM"
45,26,47,"WICHITA FALLS, TX"
45,25,47,"HOBART, OK"
57,17,47,"MEXICO, MO"
68,21,47,"GLASGOW, KY"
49,12,47,"SIOUX CITY, IA"
8,23,47,"HANFORD, CA"
46,11,47,"WAGNER, SD"
84,15,47,"HARRISBURG, PA"
59,18,47,"SAINT CHARLES, MO"
56,27,47,"CAMDEN, AR"
71,19,47,"LEXINGTON, KY"
60,18,47,"SAINT LOUIS, MO"
43,1,47,"RUGBY, ND"
93,10,47,"CONCORD, NH"
49,15,47,"LINCOLN, NE"
55,24,47,"RUSSELLVILLE, AR"
71,17,47,"CINCINNATI, OH"
48,15,47,"CRETE, NE"
4,8,47,"GATES, OR"
44,28,47,"HASKELL, TX"
33,24,47,"SANTA FE, NM"
50,15,47,"NEBRASKA CITY, NE"
83,11,47,"PITTSFORD, NY"
51,18,47,"TOPEKA, KS"
35,25,47,"SANTA ROSA, NM"
70,19,47,"LEXINGTON, KY"
56,17,47,"MOBERLY, MO"
52,21,47,"MIAMI, OK"
64,25,47,"MUSCLE SHOALS, AL"
74,18,47,"IRONTON, OH"
26,31,47,"DOUGLAS, AZ"
25,31,47,"SIERRA VISTA, AZ"
89,10,47,"SARATOGA SPRINGS, NY"
44,24,47,"ELK CITY, OK"
86,14,47,"WILKES BARRE, PA"
44,1,47,"CANDO, ND"
74,15,47,"MANSFIELD, OH"
45,27,46,"IOWA PARK, TX"
9,20,46,"JUNE LAKE, CA"
23,29,46,"TUCSON, AZ"
90,11,46,"TROY, NY"
12,25,46,"NE OF LOS ANGELES, CA"
96,9,46,"LEWISTON, ME"
81,13,46,"BRADFORD, PA"
75,15,46,"MILLERSBURG, OH"
95,9,46,"PORTLAND, ME"
34,27,46,"NW OF ROSWELL, NM"
64,30,46,"GROVE HILL, AL"
72,18,46,"MAYSVILLE, KY"
48,19,46,"NEWTON, KS"
83,12,46,"CORNING, NY"
34,30,46,"DELL CITY, TX"
47,16,46,"BELLEVILLE, KS"
46,3,46,"COOPERSTOWN, ND"
56,25,46,"LITTLE ROCK, AR"
48,20,46,"WICHITA, KS"
6,8,46,"REDMOND, OR"
25,30,46,"SIERRA VISTA, AZ"
11,22,46,"LONE PINE, CA"
47,4,46,"VALLEY CITY, ND"
49,14,46,"LINCOLN, NE"
11,24,46,"FRAZIER PARK, CA"
47,20,46,"WICHITA, KS"
45,4,46,"JAMESTOWN, ND"
2,15,46,"HAYFORK, CA"
50,16,46,"SABETHA, KS"
58,18,46,"WARRENTON, MO"
65,23,46,"DICKSON, TN"
54,25,46,"MOUNT IDA, AR"
50,22,46,"TULSA, OK"
10,22,46,"TULARE, CA"
55,25,46,"HOT SPRINGS NATIONAL PARK, AR"
8,19,46,"TWAIN HARTE, CA"
47,6,46,"BRITTON, SD"
65,22,46,"CLARKSVILLE, TN"
75,18,45,"CHARLESTON, WV"
47,11,45,"SPRINGFIELD, SD"
31,30,45,"EL PASO, TX"
31,24,45,"ALBUQUERQUE, NM"
41,28,45,"POST, TX"
31,23,45,"CUBA, NM"
46,7,45,"REDFIELD, SD"
89,11,45,"ALBANY, NY"
6,6,45,"THE DALLES, OR"
38,32,45,"FORT STOCKTON, TX"
50,21,45,"INDEPENDENCE, KS"
47,7,45,"WEBSTER, SD"
70,17,45,"CINCINNATI, OH"
85,12,45,"BINGHAMTON, NY"
91,10,45,"RUTLAND, VT"
13,22,45,"BISHOP, CA"
44,2,45,"FORT TOTTEN, ND"
43,27,45,"KNOX CITY, TX"
32,30,45,"EL PASO, TX"
43,25,45,"WELLINGTON, TX"
46,9,45,"MITCHELL, SD"
32,24,45,"ALBUQUERQUE, NM"
47,9,45,"ALEXANDRIA, SD"
49,20,45,"EL DORADO, KS"
10,21,45,"EAST OF CLOVIS, CA"
10,20,45,"MAMMOTH LAKES, CA"
37,33,45,"ALPINE, TX"
71,18,45,"CINCINNATI, OH"
84,12,45,"ELMIRA, NY"
42,30,45,"ROBERT LEE, TX"
4,16,45,"RED BLUFF, CA"
61,29,45,"JACKSON, MS"
52,20,45,"PITTSBURG, KS"
34,28,45,"WEST OF ROSWELL, NM"
20,15,44,"TOOELE, UT"
50,20,44,"EUREKA, KS"
49,13,44,"FREMONT, NE"
16,20,44,"ALAMO, NV"
49,18,44,"JUNCTION CITY, KS"
75,16,44,"ZANESVILLE, OH"
44,27,44,"SEYMOUR, TX"
70,18,44,"CINCINNATI, OH"
41,30,44,"STERLING CITY, TX"
84,14,44,"WILLIAMSPORT, PA"
7,17,44,"AUBURN, CA"
45,9,44,"CHAMBERLAIN, SD"
26,29,44,"SAFFORD, AZ"
86,10,44,"ROME, NY"
42,29,44,"SWEETWATER, TX"
48,11,44,"YANKTON, SD"
46,4,44,"LITCHVILLE, ND"
26,30,44,"SIERRA VISTA, AZ"
75,17,44,"PARKERSBURG, WV"
87,12,44,"ONEONTA, NY"
48,12,44,"WAYNE, NE"
43,23,44,"ARNETT, OK"
35,27,44,"NORTH OF ROSWELL, NM"
46,12,44,"NELIGH, NE"
44,3,44,"BOWDON, ND"
47,10,44,"PARKSTON, SD"
51,20,44,"CHANUTE, KS"
90,10,44,"HUDSON FALLS, NY"
4,9,44,"OAKRIDGE, OR"
49,22,44,"CLEVELAND, OK"
88,9,44,"INDIAN LAKE, NY"
97,6,44,"GREENVILLE, ME"
65,24,44,"LAWRENCEBURG, TN"
14,21,44,"BEATTY, NV"
85,13,44,"TUNKHANNOCK, PA"
32,23,43,"SANTA FE, NM"
46,20,43,"HUTCHINSON, KS"
2,16,43,"LAYTONVILLE, CA"
7,16,43,"PORTOLA, CA"
8,2,43,"CHELAN, WA"
86,13,43,"SCRANTON, PA"
34,17,43,"LITTLETON, CO"
45,20,43,"PRATT, KS"
45,14,43,"KEARNEY, NE"
45,13,43,"ORD, NE"
45,12,43,"ONEILL, NE"
46,14,43,"GRAND ISLAND, NE"
44,26,43,"VERNON, TX"
44,25,43,"ALTUS, OK"
46,10,43,"LAKE ANDES, SD"
43,24,43,"SAYRE, OK"
51,17,43,"ATCHISON, KS"
51,19,43,"GARNETT, KS"
24,30,43,"TUCSON, AZ"
9,2,43,"COULEE CITY, WA"
46,13,43,"SPALDING, NE"
43,3,43,"WING, ND"
42,28,43,"JAYTON, TX"
24,29,43,"TUCSON, AZ"
9,4,43,"WARDEN, WA"
25,28,43,"SAN CARLOS, AZ"
9,1,43,"OMAK, WA"
84,13,43,"ATHENS, PA"
92,11,43,"KEENE, NH"
46,8,43,"HURON, SD"
91,8,43,"MONTPELIER, VT"
27,30,43,"ANIMAS, NM"
39,2,43,"NEW TOWN, ND"
23,31,42,"AMADO, AZ"
41,27,42,"RALLS, TX"
47,13,42,"NORFOLK, NE"
43,2,42,"HARVEY, ND"
46,5,42,"OAKES, ND"
88,8,42,"SARANAC LAKE, NY"
32,29,42,"WHITE SANDS MISSILE RANGE, NM"
6,5,42,"GLENWOOD, WA"
8,1,42,"BREWSTER, WA"
45,5,42,"ELLENDALE, ND"
24,14,42,"EVANSTON, WY"
20,14,42,"NORTH OF TOOELE, UT"
9,3,42,"MOSES LAKE, WA"
40,30,42,"STANTON, TX"
45,19,42,"GREAT BEND, KS"
3,16,42,"PASKENTA, CA"
47,5,42,"LISBON, ND"
49,16,42,"MARYSVILLE, KS"
92,10,42,"CLAREMONT, NH"
44,11,42,"BASSETT, NE"
47,8,42,"DE SMET, SD"
89,9,42,"LAKE PLACID, NY"
47,14,42,"YORK, NE"
95,8,42,"PORTLAND, ME"
8,16,42,"RENO, NV"
44,21,42,"COLDWATER, KS"
47,19,42,"HUTCHINSON, KS"
45,11,42,"ATKINSON, NE"
45,15,42,"KEARNEY, NE"
93,11,42,"MANCHESTER, NH"
31,29,41,"LAS CRUCES, NM"
10,3,41,"ODESSA, WA"
30,29,41,"HATCH, NM"
30,30,41,"DEMING, NM"
5,15,41,"WHITMORE, CA"
90,12,41,"PITTSFIELD, MA"
23,30,41,"WEST OF TUCSON, AZ"
90,9,41,"MIDDLEBURY, VT"
11,20,41,"NORTH OF BISHOP, CA"
7,5,41,"YAKIMA, WA"
47,18,41,"SALINA, KS"
50,19,41,"EMPORIA, KS"
39,1,41,"STANLEY, ND"
41,1,41,"MINOT, ND"
42,1,41,"TOWNER, ND"
45,10,41,"PLATTE, SD"
24,26,41,"OVERGAARD, AZ"
42,27,41,"SPUR, TX"
33,23,41,"SANTA FE, NM"
46,15,41,"HASTINGS, NE"
45,18,41,"RUSSELL, KS"
46,6,41,"ABERDEEN, SD"
46,19,41,"LYONS, KS"
86,11,41,"ONEIDA, NY"
7,2,41,"WENATCHEE, WA"
5,9,41,"BEND, OR"
43,4,41,"STEELE, ND"
85,14,41,"WILKES BARRE, PA"
48,13,41,"COLUMBUS, NE"
40,29,41,"BIG SPRING, TX"
18,21,41,"NE OF LAS VEGAS, NV"
33,29,41,"ALAMOGORDO, NM"
34,24,41,"LAS VEGAS, NM"
40,2,41,"GARRISON, ND"
26,28,41,"THATCHER, AZ"
6,4,41,"YAKIMA, WA"
41,2,41,"MINOT, ND"
31,28,41,"NORTH OF LAS CRUCES, NM"
43,21,41,"ASHLAND, KS"
43,26,41,"CHILDRESS, TX"
44,4,41,"MEDINA, ND"
40,0,40,"SHERWOOD, ND"
35,16,40,"DENVER, CO"
41,4,40,"MANDAN, ND"
41,29,40,"BIG SPRING, TX"
40,27,40,"LUBBOCK, TX"
42,3,40,"MCCLUSKY, ND"
30,28,40,"TRUTH OR CONSEQUENCES, NM"
4,15,40,"REDDING, CA"
47,15,40,"GENEVA, NE"
47,3,40,"FINLEY, ND"
40,1,40,"MINOT, ND"
25,21,40,"NW OF CHINLE, AZ"
43,20,40,"DODGE CITY, KS"
37,31,40,"PECOS, TX"
25,22,40,"WEST OF CHINLE, AZ"
12,22,40,"KEELER, CA"
91,12,40,"SPRINGFIELD, MA"
44,9,40,"FORT THOMPSON, SD"
44,10,40,"GREGORY, SD"
44,19,40,"RUSH CENTER, KS"
44,20,40,"KINSLEY, KS"
2,14,40,"ORLEANS, CA"
24,21,40,"EAST OF PAGE, AZ"
39,0,40,"BOWBELLS, ND"
36,30,40,"LOVING, NM"
45,8,40,"MILLER, SD"
10,4,40,"OTHELLO, WA"
11,21,40,"BISHOP, CA"
8,4,40,"MATTAWA, WA"
2,13,40,"HAPPY CAMP, CA"
8,3,40,"QUINCY, WA"
7,3,40,"WENATCHEE, WA"
82,12,40,"WELLSVILLE, NY"
49,17,40,"MANHATTAN, KS"
19,14,40,"NW OF TOOELE, UT"
41,22,40,"GUYMON, OK"
19,15,40,"WEST OF TOOELE, UT"
23,15,39,"SALT LAKE CITY, UT"
46,16,39,"SUPERIOR, NE"
9,5,39,"KENNEWICK, WA"
45,16,39,"SMITH CENTER, KS"
50,18,39,"TOPEKA, KS"
23,14,39,"COALVILLE, UT"
43,22,39,"LAVERNE, OK"
43,11,39,"AINSWORTH, NE"
29,29,39,"SILVER CITY, NM"
29,30,39,"DEMING, NM"
42,22,39,"PERRYTON, TX"
3,15,39,"WEAVERVILLE, CA"
21,14,39,"NW OF SALT LAKE CITY, UT"
41,25,39,"CLARENDON, TX"
48,18,39,"ABILENE, KS"
48,16,39,"FAIRBURY, NE"
31,22,39,"CHIMAYO, NM"
41,0,39,"NEWBURG, ND"
40,28,39,"TAHOKA, TX"
92,12,39,"WORCESTER, MA"
39,29,39,"ANDREWS, TX"
32,25,39,"ALBUQUERQUE, NM"
91,11,39,"BRATTLEBORO, VT"
91,9,39,"MONTPELIER, VT"
90,7,39,"WEST CHAZY, NY"
39,3,39,"HALLIDAY, ND"
12,4,39,"PULLMAN, WA"
24,20,39,"ANTIMONY, UT"
89,8,39,"PLATTSBURGH, NY"
33,25,39,"WILLARD, NM"
11,4,39,"WASHTUCNA, WA"
7,7,39,"KENT, OR"
36,24,39,"NW OF CLOVIS, NM"
8,17,39,"RENO, NV"
8,18,39,"SOUTH LAKE TAHOE, CA"
33,16,38,"BLACK HAWK, CO"
38,31,38,"MONAHANS, TX"
12,21,38,"EAST OF BISHOP, CA"
92,8,38,"SAINT JOHNSBURY, VT"
40,3,38,"BEULAH, ND"
14,20,38,"ROUND MOUNTAIN, NV"
4,11,38,"FORT KLAMATH, OR"
35,24,38,"RIBERA, NM"
18,14,38,"NORTH OF WEST WENDOVER, NV"
42,5,38,"FORT YATES, ND"
20,16,38,"SOUTH OF TOOELE, UT"
3,11,38,"WHITE CITY, OR"
29,28,38,"MIMBRES, NM"
23,13,38,"GARDEN CITY, UT"
46,17,38,"BELOIT, KS"
44,13,38,"BROKEN BOW, NE"
50,17,38,"TOPEKA, KS"
10,2,38,"GRAND COULEE, WA"
22,15,38,"SALT LAKE CITY, UT"
45,7,38,"NORTHVILLE, SD"
45,17,38,"OSBORNE, KS"
27,29,38,"NE OF SIERRA VISTA, AZ"
11,3,38,"RITZVILLE, WA"
34,18,38,"COLORADO SPRINGS, CO"
7,4,38,"YAKIMA, WA"
36,14,37,"KIMBALL, NE"
26,14,37,"MANILA, UT"
27,27,37,"RESERVE, NM"
44,18,37,"HAYS, KS"
44,8,37,"HIGHMORE, SD"
43,19,37,"NESS CITY, KS"
43,10,37,"WINNER, SD"
42,26,37,"MATADOR, TX"
42,25,37,"MEMPHIS, TX"
28,19,37,"NORWOOD, CO"
42,6,37,"MOBRIDGE, SD"
42,2,37,"VELVA, ND"
41,3,37,"WASHBURN, ND"
95,7,37,"KINGFIELD, ME"
39,30,37,"MIDLAND, TX"
39,27,37,"LUBBOCK, TX"
90,8,37,"BURLINGTON, VT"
39,4,37,"RICHARDTON, ND"
38,28,37,"DENVER CITY, TX"
38,27,37,"MORTON, TX"
7,8,37,"NE OF BEND, OR"
46,18,37,"ELLSWORTH, KS"
36,29,37,"WEST OF HOBBS, NM"
35,17,37,"AURORA, CO"
34,16,37,"DENVER, CO"
11,2,37,"DAVENPORT, WA"
13,4,37,"PULLMAN, WA"
98,6,37,"BANGOR, ME"
15,4,37,"OROFINO, ID"
17,13,37,"WELLS, NV"
31,26,37,"SOCORRO, NM"
29,27,37,"NE OF SILVER CITY, NM"
24,15,37,"TABIONA, UT"
24,25,37,"SE OF FLAGSTAFF, AZ"
13,3,36,"SPOKANE, WA"
30,26,36,"MAGDALENA, NM"
28,20,36,"DOLORES, CO"
14,1,36,"SANDPOINT, ID"
27,20,36,"PLEASANT VIEW, CO"
39,24,36,"AMARILLO, TX"
33,22,36,"TAOS, NM"
100,4,36,"FORT FAIRFIELD, ME"
39,28,36,"BROWNFIELD, TX"
48,17,36,"CLAY CENTER, KS"
45,6,36,"LEOLA, SD"
14,3,36,"SAINT MARIES, ID"
44,12,36,"WEST OF ONEILL, NE"
100,5,36,"HOULTON, ME"
92,9,36,"HANOVER, NH"
38,24,36,"BOYS RANCH, TX"
42,21,36,"MEADE, KS"
15,2,36,"CLARK FORK, ID"
35,30,36,"SOUTH OF ARTESIA, NM"
15,3,36,"KELLOGG, ID"
37,24,36,"TUCUMCARI, NM"
41,23,36,"SPEARMAN, TX"
30,27,36,"SW OF SOCORRO, NM"
44,6,36,"IPSWICH, SD"
21,22,36,"SE OF SAINT GEORGE, UT"
37,25,36,"CLOVIS, NM"
43,12,36,"JOHNSTOWN, NE"
41,24,36,"PAMPA, TX"
40,20,36,"JOHNSON, KS"
12,1,36,"COLVILLE, WA"
23,12,36,"MONTPELIER, ID"
27,28,36,"CLIFTON, AZ"
40,22,36,"GOODWELL, OK"
38,26,36,"MULESHOE, TX"
38,29,36,"SEMINOLE, TX"
12,2,36,"SPOKANE, WA"
36,25,36,"HOUSE, NM"
41,26,36,"FLOYDADA, TX"
35,8,36,"MOORCROFT, WY"
38,30,36,"KERMIT, TX"
19,22,36,"SOUTH OF SAINT GEORGE, UT"
41,6,36,"MC LAUGHLIN, SD"
41,7,36,"EAGLE BUTTE, SD"
47,17,36,"CONCORDIA, KS"
42,4,36,"BISMARCK, ND"
92,7,36,"NEWPORT, VT"
13,2,36,"SPOKANE, WA"
29,19,35,"MONTROSE, CO"
99,4,35,"CARIBOU, ME"
19,13,35,"PARK VALLEY, UT"
41,21,35,"LIBERAL, KS"
99,3,35,"FORT KENT, ME"
43,5,35,"LINTON, ND"
42,9,35,"MURDO, SD"
42,24,35,"PAMPA, TX"
21,13,35,"TREMONTON, UT"
42,10,35,"MISSION, SD"
42,11,35,"SW OF WINNER, SD"
42,23,35,"CANADIAN, TX"
22,14,35,"OGDEN, UT"
36,7,35,"BELLE FOURCHE, SD"
21,15,35,"GRANTSVILLE, UT"
21,25,35,"PRESCOTT, AZ"
21,21,35,"FREDONIA, AZ"
38,25,35,"FRIONA, TX"
33,17,35,"BAILEY, CO"
12,3,35,"CHENEY, WA"
12,20,35,"DYER, NV"
34,15,35,"FORT COLLINS, CO"
29,18,35,"DELTA, CO"
29,20,35,"RICO, CO"
24,22,35,"SHONTO, AZ"
14,2,35,"COEUR D ALENE, ID"
39,25,35,"AMARILLO, TX"
44,7,35,"FAULKTON, SD"
32,22,35,"ESPANOLA, NM"
14,4,35,"MOSCOW, ID"
23,20,35,"ESCALANTE, UT"
7,6,35,"ARLINGTON, OR"
25,14,35,"LYMAN, WY"
44,5,35,"WISHEK, ND"
18,13,35,"SE OF TWIN FALLS, ID"
43,9,35,"LOWER BRULE, SD"
40,21,35,"ROLLA, KS"
37,2,35,"WILLISTON, ND"
24,16,35,"KENILWORTH, UT"
34,5,35,"EAST OF MILES CITY, MT"
43,6,35,"SELBY, SD"
28,21,35,"CORTEZ, CO"
26,21,35,"MONUMENT VALLEY, UT"
41,8,35,"HAYES, SD"
43,7,34,"GETTYSBURG, SD"
36,26,34,"FORT SUMNER, NM"
36,27,34,"NE OF ROSWELL, NM"
34,23,34,"MORA, NM"
37,0,34,"CROSBY, ND"
28,29,34,"LORDSBURG, NM"
37,23,34,"SW OF DALHART, TX"
28,28,34,"SILVER CITY, NM"
37,30,34,"JAL, NM"
6,15,34,"WESTWOOD, CA"
38,22,34,"DALHART, TX"
39,5,34,"MOTT, ND"
39,23,34,"HARTLEY, TX"
39,26,34,"LITTLEFIELD, TX"
14,19,34,"TONOPAH, NV"
3,14,34,"TRINITY CENTER, CA"
4,14,34,"MCCLOUD, CA"
25,15,34,"ROOSEVELT, UT"
18,11,34,"JEROME, ID"
40,23,34,"DUMAS, TX"
40,24,34,"AMARILLO, TX"
40,25,34,"AMARILLO, TX"
31,27,34,"SAN ANTONIO, NM"
31,25,34,"ALBUQUERQUE, NM"
40,26,34,"PLAINVIEW, TX"
41,5,34,"SELFRIDGE, ND"
41,10,34,"WEST OF MISSION, SD"
41,20,34,"ULYSSES, KS"
20,23,34,"NE OF LAKE HAVASU CITY, AZ"
30,25,34,"WEST OF ALBUQUERQUE, NM"
42,20,34,"CIMARRON, KS"
30,23,34,"NW OF ALBUQUERQUE, NM"
30,20,34,"SILVERTON, CO"
30,19,34,"GUNNISON, CO"
3,12,34,"MEDFORD, OR"
22,17,34,"GUNNISON, UT"
22,23,34,"GRAND CANYON, AZ"
44,17,34,"PLAINVILLE, KS"
36,23,34,"ROY, NM"
37,27,34,"ROGERS, NM"
26,15,34,"VERNAL, UT"
28,6,34,"BILLINGS, MT"
35,4,34,"SOUTH OF GLENDIVE, MT"
36,8,34,"SPEARFISH, SD"
8,7,34,"CONDON, OR"
42,7,33,"NW OF PIERRE, SD"
25,24,33,"KAYENTA, AZ"
29,12,33,"SE OF LANDER, WY"
18,16,33,"NE OF ELY, NV"
43,8,33,"PIERRE, SD"
18,15,33,"WEST WENDOVER, NV"
18,12,33,"HANSEN, ID"
28,18,33,"GRAND JUNCTION, CO"
43,13,33,"ARNOLD, NE"
43,14,33,"COZAD, NE"
25,20,33,"MEXICAN HAT, UT"
4,12,33,"KENO, OR"
25,25,33,"SHOW LOW, AZ"
40,4,33,"GLEN ULLIN, ND"
28,27,33,"QUEMADO, NM"
39,22,33,"STRATFORD, TX"
37,29,33,"HOBBS, NM"
23,21,33,"PAGE, AZ"
38,23,33,"NW OF AMARILLO, TX"
44,15,33,"HOLDREGE, NE"
35,7,33,"NW OF SPEARFISH, SD"
3,13,33,"MOUNT SHASTA, CA"
27,21,33,"MONTEZUMA CREEK, UT"
38,4,33,"DICKINSON, ND"
10,5,33,"PASCO, WA"
36,28,33,"NW OF HOBBS, NM"
38,3,33,"KILLDEER, ND"
26,27,33,"SE OF SHOW LOW, AZ"
11,19,33,"MINA, NV"
38,1,33,"TIOGA, ND"
37,26,33,"CLOVIS, NM"
36,17,33,"BYERS, CO"
15,5,33,"KAMIAH, ID"
37,8,33,"STURGIS, SD"
37,6,33,"CAMP CROOK, SD"
25,27,33,"WHITERIVER, AZ"
21,16,33,"VERNON, UT"
30,21,33,"PAGOSA SPRINGS, CO"
25,26,33,"SHOW LOW, AZ"
22,13,33,"LOGAN, UT"
31,19,33,"SOUTH OF GUNNISON, CO"
42,12,33,"THEDFORD, NE"
35,22,33,"RATON, NM"
22,20,33,"TROPIC, UT"
37,3,33,"NW OF DICKINSON, ND"
22,25,33,"PRESCOTT, AZ"
20,25,33,"BAGDAD, AZ"
9,19,32,"BRIDGEPORT, CA"
44,14,32,"LEXINGTON, NE"
43,18,32,"WA KEENEY, KS"
43,17,32,"HILL CITY, KS"
39,6,32,"LEMMON, SD"
38,8,32,"UNION CENTER, SD"
38,6,32,"PRAIRIE CITY, SD"
38,2,32,"EAST OF WILLISTON, ND"
37,28,32,"TATUM, NM"
42,8,32,"FORT PIERRE, SD"
37,5,32,"RHAME, ND"
37,4,32,"MEDORA, ND"
36,6,32,"BUFFALO, SD"
36,4,32,"BEACH, ND"
36,3,32,"SW OF WILLISTON, ND"
36,2,32,"FAIRVIEW, MT"
35,23,32,"WAGON MOUND, NM"
35,18,32,"COLORADO SPRINGS, CO"
35,9,32,"NEWCASTLE, WY"
35,6,32,"EKALAKA, MT"
35,5,32,"PLEVNA, MT"
35,2,32,"CULBERTSON, MT"
34,9,32,"SE OF GILLETTE, WY"
34,8,32,"WESTON, WY"
33,15,32,"FORT COLLINS, CO"
32,14,32,"JELM, WY"
31,16,32,"YAMPA, CO"
31,13,32,"RAWLINS, WY"
30,24,32,"NW OF ALBUQUERQUE, NM"
29,26,32,"SOUTH OF GRANTS, NM"
29,21,32,"FARMINGTON, NM"
28,9,32,"THERMOPOLIS, WY"
28,8,32,"LOVELL, WY"
26,20,32,"BLANDING, UT"
25,19,32,"SW OF MOAB, UT"
25,18,32,"GREEN RIVER, UT"
23,23,32,"FLAGSTAFF, AZ"
23,19,32,"LOA, UT"
23,17,32,"EPHRAIM, UT"
23,16,32,"PROVO, UT"
22,22,32,"NW OF FLAGSTAFF, AZ"
21,23,32,"WILLIAMS, AZ"
20,24,32,"SELIGMAN, AZ"
19,16,32,"SW OF TOOELE, UT"
13,21,32,"NORTH OF BISHOP, CA"
13,20,32,"SW OF TONOPAH, NV"
13,18,32,"NW OF TONOPAH, NV"
13,5,32,"LEWISTON, ID"
9,6,32,"HERMISTON, OR"
8,6,32,"BOARDMAN, OR"
8,5,32,"SUNNYSIDE, WA"
34,6,31,"SE OF MILES CITY, MT"
41,12,31,"MULLEN, NE"
22,16,31,"PAYSON, UT"
38,21,31,"SPRINGFIELD, CO"
14,5,31,"CULDESAC, ID"
10,6,31,"PENDLETON, OR"
41,11,31,"CODY, NE"
16,14,31,"ELKO, NV"
26,19,31,"SOUTH OF MOAB, UT"
27,9,31,"MEETEETSE, WY"
22,21,31,"KANAB, UT"
42,13,31,"STAPLETON, NE"
94,9,31,"WOLFEBORO, NH"
38,7,31,"NE OF STURGIS, SD"
93,9,31,"LEBANON, NH"
35,3,31,"GLENDIVE, MT"
38,5,31,"HETTINGER, ND"
27,6,31,"COLUMBUS, MT"
35,19,31,"PUEBLO, CO"
36,5,31,"BAKER, MT"
40,7,31,"DUPREE, SD"
36,22,31,"SE OF TRINIDAD, CO"
22,24,31,"FLAGSTAFF, AZ"
40,5,31,"ELGIN, ND"
17,11,31,"BUHL, ID"
29,11,31,"EAST OF LANDER, WY"
33,19,31,"CANON CITY, CO"
26,26,31,"PINETOP, AZ"
41,13,31,"TRYON, NE"
21,24,31,"WEST OF FLAGSTAFF, AZ"
24,18,31,"SOUTH OF PRICE, UT"
17,14,31,"EAST OF ELKO, NV"
28,10,31,"PAVILLION, WY"
23,22,31,"NORTH OF FLAGSTAFF, AZ"
28,12,31,"NE OF ROCK SPRINGS, WY"
37,7,31,"NE OF SPEARFISH, SD"
11,5,31,"WALLA WALLA, WA"
34,19,31,"FLORENCE, CO"
34,4,31,"TERRY, MT"
16,4,31,"EAST OF OROFINO, ID"
19,11,31,"RUPERT, ID"
27,19,31,"MONTICELLO, UT"
44,16,30,"PHILLIPSBURG, KS"
24,13,30,"DIAMONDVILLE, WY"
23,25,30,"SEDONA, AZ"
37,22,30,"CLAYTON, NM"
13,19,30,"WEST OF TONOPAH, NV"
42,19,30,"GARDEN CITY, KS"
13,6,30,"ENTERPRISE, OR"
43,15,30,"ELWOOD, NE"
17,10,30,"FAIRFIELD, ID"
33,5,30,"MILES CITY, MT"
16,12,30,"WEST OF TWIN FALLS, ID"
12,19,30,"NORTH OF DYER, NV"
41,9,30,"KADOKA, SD"
30,22,30,"EAST OF FARMINGTON, NM"
34,1,30,"WOLF POINT, MT"
34,2,30,"POPLAR, MT"
28,11,30,"LANDER, WY"
18,10,30,"HAILEY, ID"
34,7,30,"BROADUS, MT"
10,19,30,"NORTH OF MAMMOTH LAKES, CA"
27,15,30,"JENSEN, UT"
4,10,30,"SE OF EUGENE, OR"
25,13,30,"OPAL, WY"
17,12,30,"TWIN FALLS, ID"
24,17,30,"PRICE, UT"
35,14,30,"CHEYENNE, WY"
28,30,30,"RODEO, NM"
24,23,30,"EAST OF FLAGSTAFF, AZ"
36,16,30,"WIGGINS, CO"
36,18,30,"YODER, CO"
24,19,30,"HANKSVILLE, UT"
40,6,30,"ISABEL, SD"
19,10,29,"NE OF JEROME, ID"
31,17,29,"ASPEN, CO"
18,20,29,"NW OF SAINT GEORGE, UT"
32,1,29,"GLASGOW, MT"
27,24,29,"SANDERS, AZ"
27,25,29,"ZUNI, NM"
27,10,29,"RIVERTON, WY"
28,13,29,"POINT OF ROCKS, WY"
27,18,29,"GATEWAY, CO"
25,23,29,"PINON, AZ"
25,12,29,"KEMMERER, WY"
24,24,29,"EAST OF FLAGSTAFF, AZ"
29,9,29,"WORLAND, WY"
6,9,29,"BEND, OR"
29,10,29,"SHOSHONI, WY"
29,13,29,"WAMSUTTER, WY"
37,9,29,"RAPID CITY, SD"
23,2,29,"GREAT FALLS, MT"
23,18,29,"EMERY, UT"
36,9,29,"WEST OF RAPID CITY, SD"
9,7,29,"HEPPNER, OR"
35,15,29,"GREELEY, CO"
26,24,29,"GANADO, AZ"
30,13,29,"WEST OF RAWLINS, WY"
34,3,29,"RICHEY, MT"
26,22,29,"CHINLE, AZ"
12,5,29,"POMEROY, WA"
12,6,29,"ELGIN, OR"
30,18,29,"PAONIA, CO"
33,3,29,"CIRCLE, MT"
33,2,29,"VIDA, MT"
20,22,29,"SE OF SAINT GEORGE, UT"
15,6,29,"GRANGEVILLE, ID"
26,18,29,"MOAB, UT"
16,2,29,"THOMPSON FALLS, MT"
16,5,29,"SE OF OROFINO, ID"
16,11,29,"MOUNTAIN HOME A F B, ID"
17,5,29,"SW OF MISSOULA, MT"
31,14,29,"ENCAMPMENT, WY"
10,18,28,"HAWTHORNE, NV"
25,3,28,"STANFORD, MT"
32,5,28,"WEST OF MILES CITY, MT"
26,25,28,"NE OF SHOW LOW, AZ"
32,15,28,"WALDEN, CO"
93,8,28,"LITTLETON, NH"
34,22,28,"ANGEL FIRE, NM"
30,7,28,"LODGE GRASS, MT"
30,8,28,"HYATTVILLE, WY"
25,16,28,"DUCHESNE, UT"
34,14,28,"WELLINGTON, CO"
10,7,28,"SE OF HERMISTON, OR"
27,2,28,"NORTH OF LEWISTOWN, MT"
16,10,28,"EAST OF BOISE, ID"
22,12,28,"PRESTON, ID"
27,26,28,"EAGAR, AZ"
41,14,28,"SUTHERLAND, NE"
27,14,28,"MC KINNON, WY"
11,7,28,"LA GRANDE, OR"
26,2,28,"NW OF LEWISTOWN, MT"
18,9,28,"KETCHUM, ID"
26,3,28,"WINIFRED, MT"
42,14,28,"NORTH PLATTE, NE"
27,12,28,"NORTH OF ROCK SPRINGS, WY"
30,17,28,"GLENWOOD SPRINGS, CO"
31,1,28,"HINSDALE, MT"
12,7,28,"UNION, OR"
12,18,28,"SE OF FALLON, NV"
27,11,28,"FORT WASHAKIE, WY"
27,8,28,"POWELL, WY"
28,7,28,"COWLEY, WY"
26,16,28,"VERNAL, UT"
26,17,28,"SOUTH OF VERNAL, UT"
21,2,28,"CHOTEAU, MT"
16,16,28,"NW OF ELY, NV"
19,12,28,"BURLEY, ID"
31,18,28,"GUNNISON, CO"
32,2,28,"FORT PECK, MT"
17,9,28,"SUN VALLEY, ID"
32,3,28,"WEST OF CIRCLE, MT"
14,18,28,"MANHATTAN, NV"
20,13,28,"GROUSE CREEK, UT"
23,24,28,"FLAGSTAFF, AZ"
29,17,28,"RIFLE, CO"
29,8,28,"GREYBULL, WY"
15,13,28,"OWYHEE, NV"
29,7,28,"YELLOWTAIL, MT"
29,6,28,"LAUREL, MT"
39,21,28,"WALSH, CO"
36,15,28,"FORT MORGAN, CO"
19,9,28,"MOORE, ID"
33,7,27,"RECLUSE, WY"
15,10,27,"BOISE, ID"
40,8,27,"MIDLAND, SD"
35,10,27,"LANCE CREEK, WY"
37,17,27,"LIMON, CO"
28,5,27,"BILLINGS, MT"
13,17,27,"SOUTH OF BATTLE MOUNTAIN, NV"
32,17,27,"VAIL, CO"
37,16,27,"BRUSH, CO"
40,13,27,"ARTHUR, NE"
19,8,27,"SW OF DILLON, MT"
4,13,27,"YREKA, CA"
26,7,27,"COOKE CITY, MT"
38,9,27,"NEW UNDERWOOD, SD"
25,17,27,"EAST CARBON, UT"
41,19,27,"SCOTT CITY, KS"
5,12,27,"KLAMATH FALLS, OR"
39,8,27,"NW OF PHILIP, SD"
39,20,27,"GRANADA, CO"
30,12,27,"BAIROIL, WY"
36,21,27,"BRANSON, CO"
28,3,27,"GRASS RANGE, MT"
16,3,27,"PLAINS, MT"
20,21,27,"SAINT GEORGE, UT"
15,11,27,"BRUNEAU, ID"
27,22,27,"SHIPROCK, NM"
27,17,27,"MACK, CO"
14,6,27,"RIGGINS, ID"
14,10,27,"BOISE, ID"
31,15,27,"STEAMBOAT SPRINGS, CO"
14,11,27,"SOUTH OF BOISE, ID"
36,10,27,"EDGEMONT, SD"
28,4,27,"NW OF BILLINGS, MT"
32,19,27,"SAGUACHE, CO"
27,13,27,"ROCK SPRINGS, WY"
32,18,27,"SALIDA, CO"
29,4,27,"WINNETT, MT"
32,4,27,"NW OF MILES CITY, MT"
33,18,27,"HARTSEL, CO"
33,14,27,"LARAMIE, WY"
19,20,27,"CEDAR CITY, UT"
18,8,27,"CHALLIS, ID"
19,19,27,"NW OF CEDAR CITY, UT"
26,6,27,"BIG TIMBER, MT"
17,19,27,"WEST OF CALIENTE, NV"
31,2,27,"SW OF GLASGOW, MT"
24,2,27,"NE OF GREAT FALLS, MT"
20,10,27,"ARCO, ID"
24,3,27,"BELT, MT"
27,3,26,"LEWISTOWN, MT"
26,23,26,"SW OF SHIPROCK, NM"
26,13,26,"GREEN RIVER, WY"
26,12,26,"FARSON, WY"
41,15,26,"WAUNETA, NE"
25,4,26,"RAYNESFORD, MT"
25,2,26,"FORT BENTON, MT"
29,25,26,"GRANTS, NM"
30,3,26,"SE OF MALTA, MT"
30,4,26,"NE OF BILLINGS, MT"
30,11,26,"WEST OF CASPER, WY"
22,2,26,"FAIRFIELD, MT"
30,14,26,"BAGGS, WY"
42,15,26,"CURTIS, NE"
20,20,26,"CEDAR CITY, UT"
20,8,26,"SOUTH OF DILLON, MT"
18,17,26,"EAST OF ELY, NV"
32,6,26,"ASHLAND, MT"
18,7,26,"WEST OF SALMON, ID"
17,17,26,"ELY, NV"
17,16,26,"NORTH OF ELY, NV"
17,3,26,"SUPERIOR, MT"
17,2,26,"KILA, MT"
16,18,26,"SW OF ELY, NV"
16,17,26,"WEST OF ELY, NV"
16,15,26,"SPRING CREEK, NV"
16,13,26,"SW OF TWIN FALLS, ID"
15,18,26,"NE OF TONOPAH, NV"
15,17,26,"EUREKA, NV"
14,12,26,"NW OF OWYHEE, NV"
14,7,26,"COUNCIL, ID"
32,21,26,"LA JARA, CO"
33,4,26,"NORTH OF MILES CITY, MT"
11,18,26,"GABBS, NV"
11,6,26,"WESTON, OR"
34,21,26,"SE OF ALAMOSA, CO"
43,16,26,"NORTON, KS"
37,10,26,"HOT SPRINGS, SD"
37,15,26,"STERLING, CO"
37,21,26,"KIM, CO"
27,4,26,"NW OF BILLINGS, MT"
39,7,26,"FAITH, SD"
5,14,26,"BURNEY, CA"
40,12,26,"HYANNIS, NE"
40,14,26,"OGALLALA, NE"
27,7,26,"RED LODGE, MT"
27,5,26,"MOLT, MT"
32,13,25,"MEDICINE BOW, WY"
13,10,25,"NYSSA, OR"
35,20,25,"WALSENBURG, CO"
28,2,25,"NE OF LEWISTOWN, MT"
13,11,25,"SW OF BOISE, ID"
31,5,25,"FORSYTH, MT"
39,13,25,"OSHKOSH, NE"
17,4,25,"ALBERTON, MT"
94,8,25,"BERLIN, NH"
14,9,25,"BOISE, ID"
32,7,25,"LEITER, WY"
28,23,25,"BRIMHALL, NM"
21,1,25,"BROWNING, MT"
31,3,25,"JORDAN, MT"
26,5,25,"HARLOWTON, MT"
34,20,25,"RYE, CO"
39,15,25,"HOLYOKE, CO"
26,4,25,"HOBSON, MT"
23,3,25,"GREAT FALLS, MT"
27,16,25,"NW OF GRAND JUNCTION, CO"
18,4,25,"MISSOULA, MT"
29,3,25,"SOUTH OF MALTA, MT"
36,19,25,"ORDWAY, CO"
15,16,25,"SW OF SPRING CREEK, NV"
29,22,25,"FARMINGTON, NM"
29,2,25,"MALTA, MT"
28,15,25,"DINOSAUR, CO"
22,3,25,"CASCADE, MT"
33,21,25,"SANFORD, CO"
30,16,25,"SW OF STEAMBOAT SPRINGS, CO"
28,26,25,"SW OF GRANTS, NM"
16,9,25,"LOWMAN, ID"
29,14,25,"NORTH OF CRAIG, CO"
17,7,25,"NW OF CHALLIS, ID"
40,15,25,"IMPERIAL, NE"
33,13,25,"LARAMIE, WY"
40,9,25,"PHILIP, SD"
19,21,25,"SAINT GEORGE, UT"
17,8,25,"STANLEY, ID"
33,8,25,"GILLETTE, WY"
38,10,25,"SE OF RAPID CITY, SD"
33,6,25,"BIDDLE, MT"
10,11,24,"SOUTH OF BURNS, OR"
26,8,24,"CODY, WY"
9,10,24,"HINES, OR"
28,14,24,"SE OF ROCK SPRINGS, WY"
29,15,24,"CRAIG, CO"
37,14,24,"POTTER, NE"
29,16,24,"MEEKER, CO"
18,2,24,"POLSON, MT"
16,19,24,"NW OF PIOCHE, NV"
24,4,24,"WHITE SULPHUR SPRINGS, MT"
20,12,24,"ROCKLAND, ID"
17,6,24,"SW OF HAMILTON, MT"
14,17,24,"SE OF BATTLE MOUNTAIN, NV"
42,16,24,"MC COOK, NE"
27,23,24,"SAINT MICHAELS, AZ"
31,4,24,"NORTH OF FORSYTH, MT"
28,22,24,"KIRTLAND, NM"
28,17,24,"GRAND JUNCTION, CO"
21,3,24,"HELENA, MT"
30,2,24,"EAST OF MALTA, MT"
33,10,24,"NE OF CASPER, WY"
25,7,24,"SPRINGDALE, MT"
12,12,24,"MC DERMITT, NV"
25,6,24,"LIVINGSTON, MT"
12,8,24,"BAKER CITY, OR"
19,7,24,"SALMON, ID"
33,20,24,"ALAMOSA, CO"
30,15,24,"HAYDEN, CO"
16,8,24,"CASCADE, ID"
11,11,24,"SE OF BURNS, OR"
5,11,24,"KLAMATH FALLS, OR"
22,7,24,"ENNIS, MT"
22,8,24,"NORTH OF REXBURG, ID"
5,13,24,"SOUTH OF KLAMATH FALLS, OR"
39,14,24,"JULESBURG, CO"
39,9,24,"WALL, SD"
26,10,24,"DUBOIS, WY"
17,15,24,"SE OF ELKO, NV"
18,1,24,"KALISPELL, MT"
38,15,24,"FLEMING, CO"
15,19,24,"EAST OF TONOPAH, NV"
30,6,23,"CROW AGENCY, MT"
7,14,23,"LIKELY, CA"
41,16,23,"ATWOOD, KS"
39,16,23,"ECKLEY, CO"
30,5,23,"HYSHAM, MT"
15,15,23,"CARLIN, NV"
22,9,23,"REXBURG, ID"
34,10,23,"SE OF GILLETTE, WY"
12,17,23,"EAST OF FALLON, NV"
12,16,23,"NE OF FALLON, NV"
9,8,23,"MOUNT VERNON, OR"
9,11,23,"PRINCETON, OR"
26,11,23,"PINEDALE, WY"
30,9,23,"TEN SLEEP, WY"
30,10,23,"NW OF CASPER, WY"
16,6,23,"COTTONWOOD, ID"
29,23,23,"SOUTH OF FARMINGTON, NM"
20,11,23,"AMERICAN FALLS, ID"
39,12,23,"EAST OF ALLIANCE, NE"
21,17,23,"DELTA, UT"
20,17,23,"HINCKLEY, UT"
33,9,23,"GILLETTE, WY"
16,7,23,"NE OF MC CALL, ID"
42,18,23,"HEALY, KS"
9,18,23,"YERINGTON, NV"
18,6,23,"NORTH FORK, ID"
14,15,23,"CRESCENT VALLEY, NV"
29,24,23,"GALLUP, NM"
18,5,23,"HAMILTON, MT"
31,21,23,"PAGOSA SPRINGS, CO"
18,19,23,"CALIENTE, NV"
29,5,23,"BILLINGS, MT"
31,6,23,"LAME DEER, MT"
15,7,23,"NORTH OF MC CALL, ID"
38,16,23,"YUMA, CO"
13,8,23,"WEISER, ID"
13,7,23,"HALFWAY, OR"
31,7,23,"SHERIDAN, WY"
18,3,23,"MISSOULA, MT"
20,18,23,"GARRISON, UT"
19,17,22,"WEST OF HINCKLEY, UT"
7,9,22,"PRINEVILLE, OR"
28,25,22,"SOUTH OF GALLUP, NM"
15,8,22,"MC CALL, ID"
21,10,22,"BLACKFOOT, ID"
40,16,22,"SAINT FRANCIS, KS"
25,8,22,"WEST OF CODY, WY"
40,10,22,"MARTIN, SD"
26,9,22,"NW OF RIVERTON, WY"
12,11,22,"JORDAN VALLEY, OR"
12,10,22,"SW OF CALDWELL, ID"
15,9,22,"BOISE, ID"
22,18,22,"RICHFIELD, UT"
5,10,22,"CRESCENT, OR"
40,17,22,"GOODLAND, KS"
8,10,22,"SE OF PRINEVILLE, OR"
19,6,22,"WISDOM, MT"
8,11,22,"NE OF LAKEVIEW, OR"
8,9,22,"PAULINA, OR"
41,18,22,"OAKLEY, KS"
11,16,22,"NORTH OF FALLON, NV"
11,15,22,"LOVELOCK, NV"
23,4,22,"EAST OF HELENA, MT"
24,12,22,"COKEVILLE, WY"
39,17,22,"BURLINGTON, CO"
28,24,22,"GALLUP, NM"
36,11,22,"HARRISON, NE"
11,9,22,"JUNTURA, OR"
34,13,22,"CHUGWATER, WY"
14,8,22,"CAMBRIDGE, ID"
6,12,22,"BLY, OR"
32,8,22,"CLEARMONT, WY"
35,21,22,"TRINIDAD, CO"
32,20,22,"MONTE VISTA, CO"
13,14,22,"EAST OF WINNEMUCCA, NV"
39,10,22,"KYLE, SD"
31,11,22,"CASPER, WY"
19,1,22,"HUNGRY HORSE, MT"
13,12,22,"SE OF JORDAN VALLEY, OR"
13,9,22,"CALDWELL, ID"
31,20,22,"SOUTH FORK, CO"
8,13,21,"CEDARVILLE, CA"
32,10,21,"MIDWEST, WY"
40,19,21,"SYRACUSE, KS"
25,11,21,"BIG PINEY, WY"
31,9,21,"BUFFALO, WY"
31,8,21,"STORY, WY"
15,14,21,"WEST OF ELKO, NV"
15,12,21,"SW OF MOUNTAIN HOME A F B, ID"
20,7,21,"DILLON, MT"
32,12,21,"SOUTH OF CASPER, WY"
32,16,21,"SILVERTHORNE, CO"
14,14,21,"NW OF CARLIN, NV"
42,17,21,"HOXIE, KS"
13,15,21,"SE OF WINNEMUCCA, NV"
21,9,21,"TERRETON, ID"
33,11,21,"GLENROCK, WY"
21,11,21,"POCATELLO, ID"
21,18,21,"FILLMORE, UT"
21,19,21,"BEAVER, UT"
28,16,21,"RANGELY, CO"
11,14,21,"OROVADA, NV"
34,12,21,"WHEATLAND, WY"
10,9,21,"NORTH OF BURNS, OR"
10,8,21,"JOHN DAY, OR"
22,19,21,"MARYSVALE, UT"
35,11,21,"LUSK, WY"
9,17,21,"RENO, NV"
9,15,21,"RENO, NV"
35,13,21,"CHEYENNE, WY"
36,20,21,"MODEL, CO"
8,8,21,"MITCHELL, OR"
41,17,21,"COLBY, KS"
7,13,21,"ALTURAS, CA"
7,12,21,"LAKEVIEW, OR"
7,11,21,"SILVER LAKE, OR"
38,14,21,"SIDNEY, NE"
38,17,21,"STRATTON, CO"
38,20,21,"LAS ANIMAS, CO"
40,11,21,"EAST OF PINE RIDGE, SD"
6,10,21,"SOUTH OF BEND, OR"
25,9,21,"NE OF JACKSON, WY"
32,9,21,"KAYCEE, WY"
25,5,20,"TWO DOT, MT"
13,13,20,"NE OF WINNEMUCCA, NV"
38,11,20,"CHADRON, NE"
38,13,20,"BRIDGEPORT, NE"
20,2,20,"NW OF HELENA, MT"
17,18,20,"LUND, NV"
6,13,20,"CANBY, CA"
20,6,20,"WISE RIVER, MT"
10,10,20,"BURNS, OR"
20,1,20,"CUT BANK, MT"
20,9,20,"HOWE, ID"
19,18,20,"NW OF MILFORD, UT"
32,11,20,"CASPER, WY"
21,12,20,"MALAD CITY, ID"
14,16,20,"EAST OF BATTLE MOUNTAIN, NV"
39,11,20,"PINE RIDGE, SD"
20,19,20,"MILFORD, UT"
10,17,20,"FALLON, NV"
22,10,20,"IDAHO FALLS, ID"
21,4,20,"LINCOLN, MT"
19,2,20,"BIGFORK, MT"
37,13,20,"SCOTTSBLUFF, NE"
13,16,20,"BATTLE MOUNTAIN, NV"
11,12,20,"SW OF JORDAN VALLEY, OR"
20,3,20,"WEST OF HELENA, MT"
22,4,20,"HELENA, MT"
21,20,20,"PANGUITCH, UT"
31,12,20,"SW OF CASPER, WY"
12,15,20,"SOUTH OF WINNEMUCCA, NV"
21,8,20,"LIMA, MT"
7,10,20,"CHRISTMAS VALLEY, OR"
37,11,20,"CRAWFORD, NE"
37,20,20,"SOUTH OF LA JUNTA, CO"
8,14,20,"NW OF RENO, NV"
20,5,20,"ANACONDA, MT"
12,9,19,"ADRIAN, OR"
37,18,19,"LIMON, CO"
12,14,19,"WINNEMUCCA, NV"
6,11,19,"SUMMER LAKE, OR"
31,10,19,"NW OF CASPER, WY"
9,16,19,"RENO, NV"
35,12,19,"GUERNSEY, WY"
11,8,19,"SUMPTER, OR"
18,18,19,"BAKER, NV"
23,11,19,"SODA SPRINGS, ID"
19,4,19,"MISSOULA, MT"
38,18,19,"KIT CARSON, CO"
36,12,19,"TORRINGTON, WY"
11,10,19,"EAST OF BURNS, OR"
24,5,19,"WILSALL, MT"
24,6,19,"BOZEMAN, MT"
11,17,19,"FALLON, NV"
36,13,19,"SCOTTSBLUFF, NE"
39,18,19,"CHEYENNE WELLS, CO"
37,12,19,"NE OF SCOTTSBLUFF, NE"
22,11,19,"GRACE, ID"
39,19,19,"LAMAR, CO"
9,9,19,"SENECA, OR"
14,13,19,"WEST OF OWYHEE, NV"
19,5,19,"PHILIPSBURG, MT"
23,10,18,"IDAHO FALLS, ID"
23,7,18,"BIG SKY, MT"
23,6,18,"BOZEMAN, MT"
23,5,18,"TOWNSEND, MT"
38,12,18,"ALLIANCE, NE"
6,14,18,"BIEBER, CA"
38,19,18,"WILEY, CO"
11,13,18,"NW OF WINNEMUCCA, NV"
33,12,18,"ROCK RIVER, WY"
12,13,18,"NORTH OF WINNEMUCCA, NV"
21,7,18,"DELL, MT"
40,18,18,"SHARON SPRINGS, KS"
8,12,18,"NE OF ALTURAS, CA"
23,8,17,"WEST YELLOWSTONE, MT"
24,7,17,"GARDINER, MT"
9,12,17,"NE OF CEDARVILLE, CA"
20,4,17,"DRUMMOND, MT"
8,15,17,"WEST OF RENO, NV"
19,3,17,"SEELEY LAKE, MT"
21,5,17,"BUTTE, MT"
37,19,17,"LA JUNTA, CO"
23,9,17,"VICTOR, ID"
10,13,17,"NW OF OROVADA, NV"
7,15,17,"SUSANVILLE, CA"
24,9,17,"MORAN, WY"
24,8,17,"NE OF VICTOR, ID"
9,14,17,"NORTH OF RENO, NV"
10,12,17,"SE OF PRINCETON, OR"
24,11,16,"AFTON, WY"
10,16,16,"SE OF RENO, NV"
10,15,16,"EAST OF RENO, NV"
24,10,16,"JACKSON, WY"
9,13,16,"EAST OF CEDARVILLE, CA"
25,10,16,"CORA, WY"
21,6,16,"BUTTE, MT"
34,11,15,"DOUGLAS, WY"
10,14,15,"NE OF RENO, NV"
22,5,15,"CLANCY, MT"
22,6,14,"MC ALLISTER, MT"