Date,Mobile Operating System,Percent of Usage
12/1/08,Android,0
12/1/08,iOS,32.56
12/1/08,SymbianOS,42.02
12/1/08,Series 40,0
12/1/08,BlackBerry OS,0
12/1/08,Samsung,0
12/1/08,Unknown,16
12/1/08,Windows Phone,0
12/1/08,Sony Ericsson,0
12/1/08,Linux,1.66
12/1/08,bada,0
12/1/08,Nokia Unknown,0
12/1/08,LG,0
12/1/08,Playstation,4.47
12/1/08,WinCE,2.22
12/1/08,Nintendo 3DS,0
12/1/08,Nintendo,0
12/1/08,webOS,0
12/1/08,WinXP,0
12/1/08,Brew,0
12/1/08,Motorola,0
12/1/08,Win7,0
12/1/08,MeeGo,0
12/1/08,Maemo 5,0
12/1/08,WinVista,0
12/1/08,Other,1.07
1/1/09,Android,0.66
1/1/09,iOS,35.56
1/1/09,SymbianOS,39.31
1/1/09,Series 40,0
1/1/09,BlackBerry OS,0.95
1/1/09,Samsung,0
1/1/09,Unknown,14.73
1/1/09,Windows Phone,0
1/1/09,Sony Ericsson,0
1/1/09,Linux,1.24
1/1/09,bada,0
1/1/09,Nokia Unknown,0
1/1/09,LG,0
1/1/09,Playstation,4.33
1/1/09,WinCE,2.1
1/1/09,Nintendo 3DS,0
1/1/09,Nintendo,0
1/1/09,webOS,0
1/1/09,WinXP,0
1/1/09,Brew,0
1/1/09,Motorola,0
1/1/09,Win7,0
1/1/09,MeeGo,0
1/1/09,Maemo 5,0
1/1/09,WinVista,0
1/1/09,Other,1.12
2/1/09,Android,2.06
2/1/09,iOS,36.43
2/1/09,SymbianOS,37.04
2/1/09,Series 40,0
2/1/09,BlackBerry OS,5.57
2/1/09,Samsung,0
2/1/09,Unknown,11.87
2/1/09,Windows Phone,0
2/1/09,Sony Ericsson,0
2/1/09,Linux,0
2/1/09,bada,0
2/1/09,Nokia Unknown,0
2/1/09,LG,0
2/1/09,Playstation,3.58
2/1/09,WinCE,1.94
2/1/09,Nintendo 3DS,0
2/1/09,Nintendo,0
2/1/09,webOS,0
2/1/09,WinXP,0
2/1/09,Brew,0
2/1/09,Motorola,0
2/1/09,Win7,0
2/1/09,MeeGo,0
2/1/09,Maemo 5,0
2/1/09,WinVista,0
2/1/09,Other,1.52
3/1/09,Android,2.18
3/1/09,iOS,39.6
3/1/09,SymbianOS,35.12
3/1/09,Series 40,0
3/1/09,BlackBerry OS,5.97
3/1/09,Samsung,0
3/1/09,Unknown,11.29
3/1/09,Windows Phone,0
3/1/09,Sony Ericsson,0
3/1/09,Linux,0
3/1/09,bada,0
3/1/09,Nokia Unknown,0
3/1/09,LG,0
3/1/09,Playstation,3.18
3/1/09,WinCE,1.7
3/1/09,Nintendo 3DS,0
3/1/09,Nintendo,0
3/1/09,webOS,0
3/1/09,WinXP,0
3/1/09,Brew,0
3/1/09,Motorola,0
3/1/09,Win7,0
3/1/09,MeeGo,0
3/1/09,Maemo 5,0
3/1/09,WinVista,0
3/1/09,Other,0.95
4/1/09,Android,2.02
4/1/09,iOS,41.91
4/1/09,SymbianOS,34.25
4/1/09,Series 40,0
4/1/09,BlackBerry OS,6.39
4/1/09,Samsung,0
4/1/09,Unknown,10.2
4/1/09,Windows Phone,0
4/1/09,Sony Ericsson,0
4/1/09,Linux,0
4/1/09,bada,0
4/1/09,Nokia Unknown,0
4/1/09,LG,0
4/1/09,Playstation,2.85
4/1/09,WinCE,1.55
4/1/09,Nintendo 3DS,0
4/1/09,Nintendo,0
4/1/09,webOS,0
4/1/09,WinXP,0
4/1/09,Brew,0
4/1/09,Motorola,0
4/1/09,Win7,0
4/1/09,MeeGo,0
4/1/09,Maemo 5,0
4/1/09,WinVista,0
4/1/09,Other,0.85
5/1/09,Android,1.86
5/1/09,iOS,37.32
5/1/09,SymbianOS,39.11
5/1/09,Series 40,0
5/1/09,BlackBerry OS,6.92
5/1/09,Samsung,0
5/1/09,Unknown,9.88
5/1/09,Windows Phone,0
5/1/09,Sony Ericsson,0
5/1/09,Linux,0
5/1/09,bada,0
5/1/09,Nokia Unknown,0
5/1/09,LG,0
5/1/09,Playstation,2.68
5/1/09,WinCE,1.41
5/1/09,Nintendo 3DS,0
5/1/09,Nintendo,0
5/1/09,webOS,0
5/1/09,WinXP,0
5/1/09,Brew,0
5/1/09,Motorola,0
5/1/09,Win7,0
5/1/09,MeeGo,0
5/1/09,Maemo 5,0
5/1/09,WinVista,0
5/1/09,Other,0.82
6/1/09,Android,0.13
6/1/09,iOS,35.81
6/1/09,SymbianOS,40.61
6/1/09,Series 40,0
6/1/09,BlackBerry OS,7.91
6/1/09,Samsung,0
6/1/09,Unknown,10.61
6/1/09,Windows Phone,0
6/1/09,Sony Ericsson,0
6/1/09,Linux,0
6/1/09,bada,0
6/1/09,Nokia Unknown,0
6/1/09,LG,0
6/1/09,Playstation,2.75
6/1/09,WinCE,1.35
6/1/09,Nintendo 3DS,0
6/1/09,Nintendo,0
6/1/09,webOS,0
6/1/09,WinXP,0
6/1/09,Brew,0
6/1/09,Motorola,0
6/1/09,Win7,0
6/1/09,MeeGo,0
6/1/09,Maemo 5,0
6/1/09,WinVista,0
6/1/09,Other,0.83
7/1/09,Android,2.21
7/1/09,iOS,34.2
7/1/09,SymbianOS,24.06
7/1/09,Series 40,0
7/1/09,BlackBerry OS,8.55
7/1/09,Samsung,0.45
7/1/09,Unknown,23.63
7/1/09,Windows Phone,0
7/1/09,Sony Ericsson,1.87
7/1/09,Linux,0
7/1/09,bada,0
7/1/09,Nokia Unknown,0
7/1/09,LG,0.06
7/1/09,Playstation,2.59
7/1/09,WinCE,1.42
7/1/09,Nintendo 3DS,0
7/1/09,Nintendo,0.08
7/1/09,webOS,0.08
7/1/09,WinXP,0
7/1/09,Brew,0
7/1/09,Motorola,0
7/1/09,Win7,0
7/1/09,MeeGo,0
7/1/09,Maemo 5,0
7/1/09,WinVista,0
7/1/09,Other,0.79
8/1/09,Android,2.28
8/1/09,iOS,33.91
8/1/09,SymbianOS,34.06
8/1/09,Series 40,0
8/1/09,BlackBerry OS,8.86
8/1/09,Samsung,1.76
8/1/09,Unknown,6.14
8/1/09,Windows Phone,0
8/1/09,Sony Ericsson,6.93
8/1/09,Linux,0
8/1/09,bada,0
8/1/09,Nokia Unknown,0
8/1/09,LG,0.34
8/1/09,Playstation,2.15
8/1/09,WinCE,2.21
8/1/09,Nintendo 3DS,0
8/1/09,Nintendo,0.32
8/1/09,webOS,0.37
8/1/09,WinXP,0
8/1/09,Brew,0
8/1/09,Motorola,0.03
8/1/09,Win7,0
8/1/09,MeeGo,0
8/1/09,Maemo 5,0
8/1/09,WinVista,0
8/1/09,Other,0.64
9/1/09,Android,2.32
9/1/09,iOS,31.13
9/1/09,SymbianOS,36.29
9/1/09,Series 40,0
9/1/09,BlackBerry OS,8.92
9/1/09,Samsung,1.94
9/1/09,Unknown,7.12
9/1/09,Windows Phone,0
9/1/09,Sony Ericsson,6.79
9/1/09,Linux,0
9/1/09,bada,0
9/1/09,Nokia Unknown,0
9/1/09,LG,0.34
9/1/09,Playstation,1.74
9/1/09,WinCE,2.1
9/1/09,Nintendo 3DS,0
9/1/09,Nintendo,0.27
9/1/09,webOS,0.4
9/1/09,WinXP,0
9/1/09,Brew,0
9/1/09,Motorola,0.02
9/1/09,Win7,0
9/1/09,MeeGo,0
9/1/09,Maemo 5,0
9/1/09,WinVista,0
9/1/09,Other,0.62
10/1/09,Android,2.56
10/1/09,iOS,30.5
10/1/09,SymbianOS,38.17
10/1/09,Series 40,0
10/1/09,BlackBerry OS,9.16
10/1/09,Samsung,1.88
10/1/09,Unknown,6.23
10/1/09,Windows Phone,0
10/1/09,Sony Ericsson,6.72
10/1/09,Linux,0
10/1/09,bada,0
10/1/09,Nokia Unknown,0
10/1/09,LG,0.28
10/1/09,Playstation,1.55
10/1/09,WinCE,1.66
10/1/09,Nintendo 3DS,0
10/1/09,Nintendo,0.25
10/1/09,webOS,0.51
10/1/09,WinXP,0
10/1/09,Brew,0
10/1/09,Motorola,0.02
10/1/09,Win7,0
10/1/09,MeeGo,0
10/1/09,Maemo 5,0
10/1/09,WinVista,0
10/1/09,Other,0.52
11/1/09,Android,3.31
11/1/09,iOS,31.56
11/1/09,SymbianOS,36.17
11/1/09,Series 40,0
11/1/09,BlackBerry OS,9.73
11/1/09,Samsung,1.85
11/1/09,Unknown,5.93
11/1/09,Windows Phone,0
11/1/09,Sony Ericsson,7.03
11/1/09,Linux,0
11/1/09,bada,0
11/1/09,Nokia Unknown,0
11/1/09,LG,0.28
11/1/09,Playstation,1.58
11/1/09,WinCE,1.38
11/1/09,Nintendo 3DS,0
11/1/09,Nintendo,0.24
11/1/09,webOS,0.47
11/1/09,WinXP,0
11/1/09,Brew,0
11/1/09,Motorola,0.01
11/1/09,Win7,0
11/1/09,MeeGo,0
11/1/09,Maemo 5,0
11/1/09,WinVista,0
11/1/09,Other,0.46
12/1/09,Android,4.07
12/1/09,iOS,32.05
12/1/09,SymbianOS,35.05
12/1/09,Series 40,0
12/1/09,BlackBerry OS,9.69
12/1/09,Samsung,1.81
12/1/09,Unknown,6.05
12/1/09,Windows Phone,0
12/1/09,Sony Ericsson,7.12
12/1/09,Linux,0
12/1/09,bada,0
12/1/09,Nokia Unknown,0
12/1/09,LG,0.27
12/1/09,Playstation,1.55
12/1/09,WinCE,1.17
12/1/09,Nintendo 3DS,0
12/1/09,Nintendo,0.35
12/1/09,webOS,0.41
12/1/09,WinXP,0
12/1/09,Brew,0
12/1/09,Motorola,0.01
12/1/09,Win7,0
12/1/09,MeeGo,0
12/1/09,Maemo 5,0
12/1/09,WinVista,0
12/1/09,Other,0.38
1/1/10,Android,4.54
1/1/10,iOS,33.13
1/1/10,SymbianOS,34.16
1/1/10,Series 40,0
1/1/10,BlackBerry OS,10.28
1/1/10,Samsung,1.69
1/1/10,Unknown,5.76
1/1/10,Windows Phone,0
1/1/10,Sony Ericsson,6.89
1/1/10,Linux,0
1/1/10,bada,0
1/1/10,Nokia Unknown,0
1/1/10,LG,0.25
1/1/10,Playstation,1.2
1/1/10,WinCE,0.99
1/1/10,Nintendo 3DS,0
1/1/10,Nintendo,0.38
1/1/10,webOS,0.42
1/1/10,WinXP,0
1/1/10,Brew,0
1/1/10,Motorola,0.01
1/1/10,Win7,0
1/1/10,MeeGo,0
1/1/10,Maemo 5,0
1/1/10,WinVista,0
1/1/10,Other,0.3
2/1/10,Android,5.35
2/1/10,iOS,33.92
2/1/10,SymbianOS,32.71
2/1/10,Series 40,0
2/1/10,BlackBerry OS,11.13
2/1/10,Samsung,1.69
2/1/10,Unknown,5.46
2/1/10,Windows Phone,0
2/1/10,Sony Ericsson,6.38
2/1/10,Linux,0
2/1/10,bada,0
2/1/10,Nokia Unknown,0
2/1/10,LG,0.24
2/1/10,Playstation,1.11
2/1/10,WinCE,0.85
2/1/10,Nintendo 3DS,0
2/1/10,Nintendo,0.42
2/1/10,webOS,0.42
2/1/10,WinXP,0
2/1/10,Brew,0
2/1/10,Motorola,0.01
2/1/10,Win7,0
2/1/10,MeeGo,0
2/1/10,Maemo 5,0
2/1/10,WinVista,0
2/1/10,Other,0.3
3/1/10,Android,5.9
3/1/10,iOS,30.13
3/1/10,SymbianOS,34.51
3/1/10,Series 40,0
3/1/10,BlackBerry OS,12.73
3/1/10,Samsung,1.69
3/1/10,Unknown,5.71
3/1/10,Windows Phone,0
3/1/10,Sony Ericsson,6.21
3/1/10,Linux,0
3/1/10,bada,0
3/1/10,Nokia Unknown,0
3/1/10,LG,0.22
3/1/10,Playstation,1.1
3/1/10,WinCE,0.73
3/1/10,Nintendo 3DS,0
3/1/10,Nintendo,0.35
3/1/10,webOS,0.4
3/1/10,WinXP,0.02
3/1/10,Brew,0
3/1/10,Motorola,0.01
3/1/10,Win7,0
3/1/10,MeeGo,0
3/1/10,Maemo 5,0
3/1/10,WinVista,0
3/1/10,Other,0.26
4/1/10,Android,5.58
4/1/10,iOS,29.38
4/1/10,SymbianOS,33.54
4/1/10,Series 40,0
4/1/10,BlackBerry OS,14.06
4/1/10,Samsung,2.02
4/1/10,Unknown,6.68
4/1/10,Windows Phone,0
4/1/10,Sony Ericsson,6.02
4/1/10,Linux,0
4/1/10,bada,0
4/1/10,Nokia Unknown,0
4/1/10,LG,0.17
4/1/10,Playstation,1.16
4/1/10,WinCE,0.5
4/1/10,Nintendo 3DS,0
4/1/10,Nintendo,0.26
4/1/10,webOS,0.44
4/1/10,WinXP,0.02
4/1/10,Brew,0
4/1/10,Motorola,0
4/1/10,Win7,0
4/1/10,MeeGo,0
4/1/10,Maemo 5,0
4/1/10,WinVista,0
4/1/10,Other,0.17
5/1/10,Android,3.94
5/1/10,iOS,29.01
5/1/10,SymbianOS,32.92
5/1/10,Series 40,0
5/1/10,BlackBerry OS,14.15
5/1/10,Samsung,2.86
5/1/10,Unknown,9.09
5/1/10,Windows Phone,0
5/1/10,Sony Ericsson,5.9
5/1/10,Linux,0
5/1/10,bada,0
5/1/10,Nokia Unknown,0
5/1/10,LG,0.07
5/1/10,Playstation,1.02
5/1/10,WinCE,0.17
5/1/10,Nintendo 3DS,0
5/1/10,Nintendo,0.25
5/1/10,webOS,0.52
5/1/10,WinXP,0.02
5/1/10,Brew,0
5/1/10,Motorola,0
5/1/10,Win7,0
5/1/10,MeeGo,0
5/1/10,Maemo 5,0
5/1/10,WinVista,0
5/1/10,Other,0.07
6/1/10,Android,3.95
6/1/10,iOS,26.66
6/1/10,SymbianOS,33.39
6/1/10,Series 40,0
6/1/10,BlackBerry OS,14.98
6/1/10,Samsung,3.34
6/1/10,Unknown,9.81
6/1/10,Windows Phone,0
6/1/10,Sony Ericsson,5.79
6/1/10,Linux,0
6/1/10,bada,0
6/1/10,Nokia Unknown,0
6/1/10,LG,0.07
6/1/10,Playstation,1.02
6/1/10,WinCE,0.15
6/1/10,Nintendo 3DS,0
6/1/10,Nintendo,0.25
6/1/10,webOS,0.52
6/1/10,WinXP,0.02
6/1/10,Brew,0
6/1/10,Motorola,0
6/1/10,Win7,0
6/1/10,MeeGo,0
6/1/10,Maemo 5,0
6/1/10,WinVista,0
6/1/10,Other,0.06
7/1/10,Android,7.91
7/1/10,iOS,26.05
7/1/10,SymbianOS,32.04
7/1/10,Series 40,0
7/1/10,BlackBerry OS,16.45
7/1/10,Samsung,2.93
7/1/10,Unknown,6.77
7/1/10,Windows Phone,0
7/1/10,Sony Ericsson,5.47
7/1/10,Linux,0
7/1/10,bada,0
7/1/10,Nokia Unknown,0
7/1/10,LG,0.15
7/1/10,Playstation,0.92
7/1/10,WinCE,0.38
7/1/10,Nintendo 3DS,0
7/1/10,Nintendo,0.24
7/1/10,webOS,0.51
7/1/10,WinXP,0.02
7/1/10,Brew,0
7/1/10,Motorola,0
7/1/10,Win7,0
7/1/10,MeeGo,0
7/1/10,Maemo 5,0
7/1/10,WinVista,0
7/1/10,Other,0.16
8/1/10,Android,9.22
8/1/10,iOS,25.71
8/1/10,SymbianOS,31.54
8/1/10,Series 40,0
8/1/10,BlackBerry OS,16.95
8/1/10,Samsung,2.85
8/1/10,Unknown,6.16
8/1/10,Windows Phone,0
8/1/10,Sony Ericsson,5.43
8/1/10,Linux,0
8/1/10,bada,0
8/1/10,Nokia Unknown,0
8/1/10,LG,0.16
8/1/10,Playstation,0.7
8/1/10,WinCE,0.38
8/1/10,Nintendo 3DS,0
8/1/10,Nintendo,0.23
8/1/10,webOS,0.45
8/1/10,WinXP,0.02
8/1/10,Brew,0
8/1/10,Motorola,0
8/1/10,Win7,0
8/1/10,MeeGo,0
8/1/10,Maemo 5,0
8/1/10,WinVista,0
8/1/10,Other,0.19
9/1/10,Android,9.79
9/1/10,iOS,22.85
9/1/10,SymbianOS,32.69
9/1/10,Series 40,0
9/1/10,BlackBerry OS,17.9
9/1/10,Samsung,2.96
9/1/10,Unknown,6.59
9/1/10,Windows Phone,0
9/1/10,Sony Ericsson,5.61
9/1/10,Linux,0
9/1/10,bada,0
9/1/10,Nokia Unknown,0
9/1/10,LG,0.13
9/1/10,Playstation,0.46
9/1/10,WinCE,0.34
9/1/10,Nintendo 3DS,0
9/1/10,Nintendo,0.15
9/1/10,webOS,0.35
9/1/10,WinXP,0.02
9/1/10,Brew,0
9/1/10,Motorola,0
9/1/10,Win7,0
9/1/10,MeeGo,0
9/1/10,Maemo 5,0
9/1/10,WinVista,0
9/1/10,Other,0.16
10/1/10,Android,10.67
10/1/10,iOS,22.45
10/1/10,SymbianOS,32.83
10/1/10,Series 40,0
10/1/10,BlackBerry OS,18.19
10/1/10,Samsung,2.83
10/1/10,Unknown,5.91
10/1/10,Windows Phone,0
10/1/10,Sony Ericsson,5.54
10/1/10,Linux,0
10/1/10,bada,0
10/1/10,Nokia Unknown,0
10/1/10,LG,0.12
10/1/10,Playstation,0.4
10/1/10,WinCE,0.49
10/1/10,Nintendo 3DS,0
10/1/10,Nintendo,0.13
10/1/10,webOS,0.31
10/1/10,WinXP,0.01
10/1/10,Brew,0
10/1/10,Motorola,0
10/1/10,Win7,0
10/1/10,MeeGo,0
10/1/10,Maemo 5,0
10/1/10,WinVista,0
10/1/10,Other,0.13
11/1/10,Android,11.61
11/1/10,iOS,21.94
11/1/10,SymbianOS,31.93
11/1/10,Series 40,0
11/1/10,BlackBerry OS,19.25
11/1/10,Samsung,3.49
11/1/10,Unknown,5.32
11/1/10,Windows Phone,0
11/1/10,Sony Ericsson,4.9
11/1/10,Linux,0
11/1/10,bada,0
11/1/10,Nokia Unknown,0
11/1/10,LG,0.12
11/1/10,Playstation,0.37
11/1/10,WinCE,0.44
11/1/10,Nintendo 3DS,0
11/1/10,Nintendo,0.13
11/1/10,webOS,0.29
11/1/10,WinXP,0
11/1/10,Brew,0
11/1/10,Motorola,0
11/1/10,Win7,0
11/1/10,MeeGo,0
11/1/10,Maemo 5,0.1
11/1/10,WinVista,0
11/1/10,Other,0.11
12/1/10,Android,13.6
12/1/10,iOS,23.57
12/1/10,SymbianOS,29.66
12/1/10,Series 40,0
12/1/10,BlackBerry OS,18.04
12/1/10,Samsung,4.05
12/1/10,Unknown,5.13
12/1/10,Windows Phone,0
12/1/10,Sony Ericsson,4.32
12/1/10,Linux,0
12/1/10,bada,0
12/1/10,Nokia Unknown,0
12/1/10,LG,0.12
12/1/10,Playstation,0.42
12/1/10,WinCE,0.4
12/1/10,Nintendo 3DS,0
12/1/10,Nintendo,0.15
12/1/10,webOS,0.28
12/1/10,WinXP,0
12/1/10,Brew,0
12/1/10,Motorola,0
12/1/10,Win7,0
12/1/10,MeeGo,0
12/1/10,Maemo 5,0.14
12/1/10,WinVista,0
12/1/10,Other,0.1
1/1/11,Android,14.61
1/1/11,iOS,25.02
1/1/11,SymbianOS,30.25
1/1/11,Series 40,0
1/1/11,BlackBerry OS,15.03
1/1/11,Samsung,4.33
1/1/11,Unknown,5.21
1/1/11,Windows Phone,0.14
1/1/11,Sony Ericsson,3.91
1/1/11,Linux,0
1/1/11,bada,0
1/1/11,Nokia Unknown,0
1/1/11,LG,0.12
1/1/11,Playstation,0.39
1/1/11,WinCE,0.37
1/1/11,Nintendo 3DS,0
1/1/11,Nintendo,0.16
1/1/11,webOS,0.25
1/1/11,WinXP,0
1/1/11,Brew,0
1/1/11,Motorola,0
1/1/11,Win7,0
1/1/11,MeeGo,0
1/1/11,Maemo 5,0.13
1/1/11,WinVista,0
1/1/11,Other,0.09
2/1/11,Android,15.16
2/1/11,iOS,24.56
2/1/11,SymbianOS,30.66
2/1/11,Series 40,0
2/1/11,BlackBerry OS,14.52
2/1/11,Samsung,4.51
2/1/11,Unknown,5.14
2/1/11,Windows Phone,0.26
2/1/11,Sony Ericsson,3.86
2/1/11,Linux,0
2/1/11,bada,0
2/1/11,Nokia Unknown,0
2/1/11,LG,0.11
2/1/11,Playstation,0.34
2/1/11,WinCE,0.35
2/1/11,Nintendo 3DS,0
2/1/11,Nintendo,0.13
2/1/11,webOS,0.21
2/1/11,WinXP,0
2/1/11,Brew,0
2/1/11,Motorola,0
2/1/11,Win7,0
2/1/11,MeeGo,0
2/1/11,Maemo 5,0.12
2/1/11,WinVista,0
2/1/11,Other,0.07
3/1/11,Android,15.8
3/1/11,iOS,24.38
3/1/11,SymbianOS,30.61
3/1/11,Series 40,0
3/1/11,BlackBerry OS,14.1
3/1/11,Samsung,4.73
3/1/11,Unknown,5.1
3/1/11,Windows Phone,0.28
3/1/11,Sony Ericsson,3.75
3/1/11,Linux,0
3/1/11,bada,0
3/1/11,Nokia Unknown,0
3/1/11,LG,0.11
3/1/11,Playstation,0.32
3/1/11,WinCE,0.32
3/1/11,Nintendo 3DS,0
3/1/11,Nintendo,0.14
3/1/11,webOS,0.19
3/1/11,WinXP,0
3/1/11,Brew,0
3/1/11,Motorola,0
3/1/11,Win7,0
3/1/11,MeeGo,0
3/1/11,Maemo 5,0.11
3/1/11,WinVista,0
3/1/11,Other,0.07
4/1/11,Android,16.05
4/1/11,iOS,23.34
4/1/11,SymbianOS,31.56
4/1/11,Series 40,0
4/1/11,BlackBerry OS,13.54
4/1/11,Samsung,4.99
4/1/11,Unknown,5.28
4/1/11,Windows Phone,0.29
4/1/11,Sony Ericsson,3.66
4/1/11,Linux,0
4/1/11,bada,0.12
4/1/11,Nokia Unknown,0
4/1/11,LG,0.1
4/1/11,Playstation,0.31
4/1/11,WinCE,0.29
4/1/11,Nintendo 3DS,0
4/1/11,Nintendo,0.13
4/1/11,webOS,0.16
4/1/11,WinXP,0
4/1/11,Brew,0
4/1/11,Motorola,0
4/1/11,Win7,0
4/1/11,MeeGo,0
4/1/11,Maemo 5,0.1
4/1/11,WinVista,0
4/1/11,Other,0.06
5/1/11,Android,17.63
5/1/11,iOS,22.09
5/1/11,SymbianOS,31.36
5/1/11,Series 40,0
5/1/11,BlackBerry OS,12.94
5/1/11,Samsung,5.08
5/1/11,Unknown,5.77
5/1/11,Windows Phone,0.28
5/1/11,Sony Ericsson,3.46
5/1/11,Linux,0
5/1/11,bada,0.37
5/1/11,Nokia Unknown,0
5/1/11,LG,0.1
5/1/11,Playstation,0.28
5/1/11,WinCE,0.26
5/1/11,Nintendo 3DS,0
5/1/11,Nintendo,0.11
5/1/11,webOS,0.13
5/1/11,WinXP,0
5/1/11,Brew,0
5/1/11,Motorola,0
5/1/11,Win7,0
5/1/11,MeeGo,0
5/1/11,Maemo 5,0.09
5/1/11,WinVista,0
5/1/11,Other,0.06
6/1/11,Android,17.92
6/1/11,iOS,20.04
6/1/11,SymbianOS,33.58
6/1/11,Series 40,0
6/1/11,BlackBerry OS,12.15
6/1/11,Samsung,5.64
6/1/11,Unknown,5.91
6/1/11,Windows Phone,0.26
6/1/11,Sony Ericsson,3.19
6/1/11,Linux,0
6/1/11,bada,0.39
6/1/11,Nokia Unknown,0
6/1/11,LG,0.1
6/1/11,Playstation,0.26
6/1/11,WinCE,0.23
6/1/11,Nintendo 3DS,0
6/1/11,Nintendo,0.1
6/1/11,webOS,0.11
6/1/11,WinXP,0
6/1/11,Brew,0
6/1/11,Motorola,0
6/1/11,Win7,0
6/1/11,MeeGo,0
6/1/11,Maemo 5,0.07
6/1/11,WinVista,0
6/1/11,Other,0.05
7/1/11,Android,18.93
7/1/11,iOS,20.03
7/1/11,SymbianOS,32.45
7/1/11,Series 40,0
7/1/11,BlackBerry OS,12.48
7/1/11,Samsung,5.76
7/1/11,Unknown,5.88
7/1/11,Windows Phone,0.27
7/1/11,Sony Ericsson,2.97
7/1/11,Linux,0
7/1/11,bada,0.39
7/1/11,Nokia Unknown,0
7/1/11,LG,0.09
7/1/11,Playstation,0.24
7/1/11,WinCE,0.21
7/1/11,Nintendo 3DS,0
7/1/11,Nintendo,0.1
7/1/11,webOS,0.09
7/1/11,WinXP,0
7/1/11,Brew,0
7/1/11,Motorola,0
7/1/11,Win7,0
7/1/11,MeeGo,0
7/1/11,Maemo 5,0.06
7/1/11,WinVista,0
7/1/11,Other,0.05
8/1/11,Android,20.6
8/1/11,iOS,19.41
8/1/11,SymbianOS,32.12
8/1/11,Series 40,0
8/1/11,BlackBerry OS,11.84
8/1/11,Samsung,6.04
8/1/11,Unknown,5.72
8/1/11,Windows Phone,0.29
8/1/11,Sony Ericsson,2.7
8/1/11,Linux,0
8/1/11,bada,0.45
8/1/11,Nokia Unknown,0
8/1/11,LG,0.09
8/1/11,Playstation,0.26
8/1/11,WinCE,0.21
8/1/11,Nintendo 3DS,0
8/1/11,Nintendo,0.09
8/1/11,webOS,0.08
8/1/11,WinXP,0
8/1/11,Brew,0
8/1/11,Motorola,0
8/1/11,Win7,0
8/1/11,MeeGo,0
8/1/11,Maemo 5,0.06
8/1/11,WinVista,0
8/1/11,Other,0.04
9/1/11,Android,20.9
9/1/11,iOS,21.21
9/1/11,SymbianOS,31.83
9/1/11,Series 40,0
9/1/11,BlackBerry OS,10.72
9/1/11,Samsung,5.6
9/1/11,Unknown,5.9
9/1/11,Windows Phone,0.33
9/1/11,Sony Ericsson,2.26
9/1/11,Linux,0
9/1/11,bada,0.47
9/1/11,Nokia Unknown,0
9/1/11,LG,0.08
9/1/11,Playstation,0.25
9/1/11,WinCE,0.18
9/1/11,Nintendo 3DS,0
9/1/11,Nintendo,0.09
9/1/11,webOS,0.08
9/1/11,WinXP,0
9/1/11,Brew,0
9/1/11,Motorola,0
9/1/11,Win7,0
9/1/11,MeeGo,0
9/1/11,Maemo 5,0.06
9/1/11,WinVista,0
9/1/11,Other,0.03
10/1/11,Android,22.11
10/1/11,iOS,23.48
10/1/11,SymbianOS,29.84
10/1/11,Series 40,0
10/1/11,BlackBerry OS,9.49
10/1/11,Samsung,5.22
10/1/11,Unknown,6.01
10/1/11,Windows Phone,0.37
10/1/11,Sony Ericsson,2.04
10/1/11,Linux,0.07
10/1/11,bada,0.48
10/1/11,Nokia Unknown,0
10/1/11,LG,0.08
10/1/11,Playstation,0.29
10/1/11,WinCE,0.17
10/1/11,Nintendo 3DS,0
10/1/11,Nintendo,0.11
10/1/11,webOS,0.08
10/1/11,WinXP,0
10/1/11,Brew,0
10/1/11,Motorola,0.05
10/1/11,Win7,0.05
10/1/11,MeeGo,0
10/1/11,Maemo 5,0.05
10/1/11,WinVista,0
10/1/11,Other,0.03
11/1/11,Android,21.9
11/1/11,iOS,24.21
11/1/11,SymbianOS,30.95
11/1/11,Series 40,0
11/1/11,BlackBerry OS,8.44
11/1/11,Samsung,5.43
11/1/11,Unknown,5.29
11/1/11,Windows Phone,0.36
11/1/11,Sony Ericsson,1.93
11/1/11,Linux,0.1
11/1/11,bada,0.51
11/1/11,Nokia Unknown,0
11/1/11,LG,0.08
11/1/11,Playstation,0.27
11/1/11,WinCE,0.15
11/1/11,Nintendo 3DS,0
11/1/11,Nintendo,0.1
11/1/11,webOS,0.07
11/1/11,WinXP,0
11/1/11,Brew,0
11/1/11,Motorola,0.06
11/1/11,Win7,0.07
11/1/11,MeeGo,0.01
11/1/11,Maemo 5,0.05
11/1/11,WinVista,0
11/1/11,Other,0.03
12/1/11,Android,21.83
12/1/11,iOS,22.71
12/1/11,SymbianOS,33.46
12/1/11,Series 40,0
12/1/11,BlackBerry OS,7.78
12/1/11,Samsung,5.61
12/1/11,Unknown,4.76
12/1/11,Windows Phone,0.34
12/1/11,Sony Ericsson,2
12/1/11,Linux,0.1
12/1/11,bada,0.5
12/1/11,Nokia Unknown,0
12/1/11,LG,0.08
12/1/11,Playstation,0.27
12/1/11,WinCE,0.14
12/1/11,Nintendo 3DS,0.06
12/1/11,Nintendo,0.09
12/1/11,webOS,0.05
12/1/11,WinXP,0
12/1/11,Brew,0
12/1/11,Motorola,0.05
12/1/11,Win7,0.08
12/1/11,MeeGo,0.02
12/1/11,Maemo 5,0.04
12/1/11,WinVista,0
12/1/11,Other,0.03
1/1/12,Android,23.21
1/1/12,iOS,24.04
1/1/12,SymbianOS,31.89
1/1/12,Series 40,0
1/1/12,BlackBerry OS,6.94
1/1/12,Samsung,5.84
1/1/12,Unknown,4.45
1/1/12,Windows Phone,0.36
1/1/12,Sony Ericsson,1.75
1/1/12,Linux,0.11
1/1/12,bada,0.52
1/1/12,Nokia Unknown,0
1/1/12,LG,0.07
1/1/12,Playstation,0.23
1/1/12,WinCE,0.12
1/1/12,Nintendo 3DS,0.13
1/1/12,Nintendo,0.07
1/1/12,webOS,0.04
1/1/12,WinXP,0
1/1/12,Brew,0
1/1/12,Motorola,0.06
1/1/12,Win7,0.09
1/1/12,MeeGo,0.02
1/1/12,Maemo 5,0.04
1/1/12,WinVista,0
1/1/12,Other,0.02
2/1/12,Android,24.76
2/1/12,iOS,25.49
2/1/12,SymbianOS,30.19
2/1/12,Series 40,0
2/1/12,BlackBerry OS,6.76
2/1/12,Samsung,5.06
2/1/12,Unknown,4.37
2/1/12,Windows Phone,0.41
2/1/12,Sony Ericsson,1.55
2/1/12,Linux,0.1
2/1/12,bada,0.52
2/1/12,Nokia Unknown,0
2/1/12,LG,0.06
2/1/12,Playstation,0.18
2/1/12,WinCE,0.11
2/1/12,Nintendo 3DS,0.1
2/1/12,Nintendo,0.06
2/1/12,webOS,0.04
2/1/12,WinXP,0
2/1/12,Brew,0
2/1/12,Motorola,0.05
2/1/12,Win7,0.1
2/1/12,MeeGo,0.03
2/1/12,Maemo 5,0.03
2/1/12,WinVista,0
2/1/12,Other,0.02
3/1/12,Android,23.61
3/1/12,iOS,23.99
3/1/12,SymbianOS,31.48
3/1/12,Series 40,0
3/1/12,BlackBerry OS,6.43
3/1/12,Samsung,6.05
3/1/12,Unknown,4.78
3/1/12,Windows Phone,0.44
3/1/12,Sony Ericsson,1.62
3/1/12,Linux,0.11
3/1/12,bada,0.64
3/1/12,Nokia Unknown,0
3/1/12,LG,0.07
3/1/12,Playstation,0.2
3/1/12,WinCE,0.12
3/1/12,Nintendo 3DS,0.12
3/1/12,Nintendo,0.06
3/1/12,webOS,0.03
3/1/12,WinXP,0
3/1/12,Brew,0.01
3/1/12,Motorola,0.06
3/1/12,Win7,0.1
3/1/12,MeeGo,0.03
3/1/12,Maemo 5,0.03
3/1/12,WinVista,0
3/1/12,Other,0.02
4/1/12,Android,23.79
4/1/12,iOS,23.85
4/1/12,SymbianOS,28.45
4/1/12,Series 40,2.74
4/1/12,BlackBerry OS,6.1
4/1/12,Samsung,6.81
4/1/12,Unknown,4.53
4/1/12,Windows Phone,0.48
4/1/12,Sony Ericsson,1.54
4/1/12,Linux,0.11
4/1/12,bada,0.7
4/1/12,Nokia Unknown,0
4/1/12,LG,0.07
4/1/12,Playstation,0.19
4/1/12,WinCE,0.1
4/1/12,Nintendo 3DS,0.14
4/1/12,Nintendo,0.06
4/1/12,webOS,0.02
4/1/12,WinXP,0
4/1/12,Brew,0.07
4/1/12,Motorola,0.05
4/1/12,Win7,0.1
4/1/12,MeeGo,0.03
4/1/12,Maemo 5,0.03
4/1/12,WinVista,0
4/1/12,Other,0.02
5/1/12,Android,23.81
5/1/12,iOS,22.95
5/1/12,SymbianOS,20.25
5/1/12,Series 40,11.84
5/1/12,BlackBerry OS,5.66
5/1/12,Samsung,7.18
5/1/12,Unknown,4.59
5/1/12,Windows Phone,0.53
5/1/12,Sony Ericsson,1.44
5/1/12,Linux,0.11
5/1/12,bada,0.77
5/1/12,Nokia Unknown,0
5/1/12,LG,0.07
5/1/12,Playstation,0.18
5/1/12,WinCE,0.1
5/1/12,Nintendo 3DS,0.14
5/1/12,Nintendo,0.06
5/1/12,webOS,0.02
5/1/12,WinXP,0
5/1/12,Brew,0.1
5/1/12,Motorola,0.04
5/1/12,Win7,0.08
5/1/12,MeeGo,0.03
5/1/12,Maemo 5,0.03
5/1/12,WinVista,0
5/1/12,Other,0.02
6/1/12,Android,25.07
6/1/12,iOS,24.56
6/1/12,SymbianOS,17.29
6/1/12,Series 40,13.7
6/1/12,BlackBerry OS,5.26
6/1/12,Samsung,6.21
6/1/12,Unknown,4.38
6/1/12,Windows Phone,0.55
6/1/12,Sony Ericsson,1.29
6/1/12,Linux,0.11
6/1/12,bada,0.74
6/1/12,Nokia Unknown,0
6/1/12,LG,0.06
6/1/12,Playstation,0.17
6/1/12,WinCE,0.09
6/1/12,Nintendo 3DS,0.14
6/1/12,Nintendo,0.05
6/1/12,webOS,0.02
6/1/12,WinXP,0
6/1/12,Brew,0.1
6/1/12,Motorola,0.04
6/1/12,Win7,0.09
6/1/12,MeeGo,0.03
6/1/12,Maemo 5,0.02
6/1/12,WinVista,0
6/1/12,Other,0.02
7/1/12,Android,26.53
7/1/12,iOS,25.41
7/1/12,SymbianOS,13.47
7/1/12,Series 40,14.73
7/1/12,BlackBerry OS,4.96
7/1/12,Samsung,6.71
7/1/12,Unknown,4.51
7/1/12,Windows Phone,0.68
7/1/12,Sony Ericsson,1.14
7/1/12,Linux,0.12
7/1/12,bada,0.72
7/1/12,Nokia Unknown,0
7/1/12,LG,0.06
7/1/12,Playstation,0.18
7/1/12,WinCE,0.08
7/1/12,Nintendo 3DS,0.16
7/1/12,Nintendo,0.06
7/1/12,webOS,0.02
7/1/12,WinXP,0.15
7/1/12,Brew,0.1
7/1/12,Motorola,0.04
7/1/12,Win7,0.09
7/1/12,MeeGo,0.03
7/1/12,Maemo 5,0.02
7/1/12,WinVista,0
7/1/12,Other,0.05
8/1/12,Android,28.21
8/1/12,iOS,24.48
8/1/12,SymbianOS,12.58
8/1/12,Series 40,15
8/1/12,BlackBerry OS,4.65
8/1/12,Samsung,6.56
8/1/12,Unknown,4.73
8/1/12,Windows Phone,0.74
8/1/12,Sony Ericsson,1.03
8/1/12,Linux,0.13
8/1/12,bada,0.71
8/1/12,Nokia Unknown,0
8/1/12,LG,0.05
8/1/12,Playstation,0.17
8/1/12,WinCE,0.07
8/1/12,Nintendo 3DS,0.17
8/1/12,Nintendo,0.06
8/1/12,webOS,0.01
8/1/12,WinXP,0.3
8/1/12,Brew,0.1
8/1/12,Motorola,0.04
8/1/12,Win7,0.07
8/1/12,MeeGo,0.04
8/1/12,Maemo 5,0.02
8/1/12,WinVista,0
8/1/12,Other,0.07
9/1/12,Android,29.25
9/1/12,iOS,23.63
9/1/12,SymbianOS,12.22
9/1/12,Series 40,15.14
9/1/12,BlackBerry OS,4.54
9/1/12,Samsung,6.72
9/1/12,Unknown,4.83
9/1/12,Windows Phone,0.8
9/1/12,Sony Ericsson,0.98
9/1/12,Linux,0.12
9/1/12,bada,0.69
9/1/12,Nokia Unknown,0
9/1/12,LG,0.05
9/1/12,Playstation,0.13
9/1/12,WinCE,0.07
9/1/12,Nintendo 3DS,0.15
9/1/12,Nintendo,0.05
9/1/12,webOS,0.01
9/1/12,WinXP,0.28
9/1/12,Brew,0.11
9/1/12,Motorola,0.04
9/1/12,Win7,0.06
9/1/12,MeeGo,0.04
9/1/12,Maemo 5,0.02
9/1/12,WinVista,0
9/1/12,Other,0.06
10/1/12,Android,30.19
10/1/12,iOS,23.72
10/1/12,SymbianOS,11.7
10/1/12,Series 40,15
10/1/12,BlackBerry OS,4.29
10/1/12,Samsung,6.72
10/1/12,Unknown,4.82
10/1/12,Windows Phone,0.8
10/1/12,Sony Ericsson,0.95
10/1/12,Linux,0.11
10/1/12,bada,0.66
10/1/12,Nokia Unknown,0
10/1/12,LG,0.04
10/1/12,Playstation,0.12
10/1/12,WinCE,0.07
10/1/12,Nintendo 3DS,0.14
10/1/12,Nintendo,0.05
10/1/12,webOS,0.01
10/1/12,WinXP,0.29
10/1/12,Brew,0.11
10/1/12,Motorola,0.04
10/1/12,Win7,0.06
10/1/12,MeeGo,0.04
10/1/12,Maemo 5,0.01
10/1/12,WinVista,0
10/1/12,Other,0.05
11/1/12,Android,31.67
11/1/12,iOS,23.73
11/1/12,SymbianOS,10.93
11/1/12,Series 40,15.07
11/1/12,BlackBerry OS,3.93
11/1/12,Samsung,6.52
11/1/12,Unknown,4.75
11/1/12,Windows Phone,0.84
11/1/12,Sony Ericsson,0.89
11/1/12,Linux,0.1
11/1/12,bada,0.58
11/1/12,Nokia Unknown,0
11/1/12,LG,0.04
11/1/12,Playstation,0.11
11/1/12,WinCE,0.06
11/1/12,Nintendo 3DS,0.14
11/1/12,Nintendo,0.05
11/1/12,webOS,0.01
11/1/12,WinXP,0.31
11/1/12,Brew,0.07
11/1/12,Motorola,0.04
11/1/12,Win7,0.06
11/1/12,MeeGo,0.03
11/1/12,Maemo 5,0.01
11/1/12,WinVista,0
11/1/12,Other,0.05
12/1/12,Android,33.19
12/1/12,iOS,23.26
12/1/12,SymbianOS,10.72
12/1/12,Series 40,14.86
12/1/12,BlackBerry OS,3.53
12/1/12,Samsung,6.57
12/1/12,Unknown,4.7
12/1/12,Windows Phone,0.91
12/1/12,Sony Ericsson,0.85
12/1/12,Linux,0.09
12/1/12,bada,0.55
12/1/12,Nokia Unknown,0
12/1/12,LG,0.04
12/1/12,Playstation,0.11
12/1/12,WinCE,0.02
12/1/12,Nintendo 3DS,0.14
12/1/12,Nintendo,0.04
12/1/12,webOS,0.01
12/1/12,WinXP,0.18
12/1/12,Brew,0.07
12/1/12,Motorola,0.04
12/1/12,Win7,0.06
12/1/12,MeeGo,0.03
12/1/12,Maemo 5,0.01
12/1/12,WinVista,0
12/1/12,Other,0.03
1/1/13,Android,36.87
1/1/13,iOS,25.85
1/1/13,SymbianOS,8.86
1/1/13,Series 40,12.86
1/1/13,BlackBerry OS,3.39
1/1/13,Samsung,5.03
1/1/13,Unknown,4.31
1/1/13,Windows Phone,1.05
1/1/13,Sony Ericsson,0.71
1/1/13,Linux,0.09
1/1/13,bada,0.44
1/1/13,Nokia Unknown,0
1/1/13,LG,0.03
1/1/13,Playstation,0.1
1/1/13,WinCE,0
1/1/13,Nintendo 3DS,0.15
1/1/13,Nintendo,0.04
1/1/13,webOS,0.01
1/1/13,WinXP,0.01
1/1/13,Brew,0.07
1/1/13,Motorola,0.03
1/1/13,Win7,0.04
1/1/13,MeeGo,0.03
1/1/13,Maemo 5,0.01
1/1/13,WinVista,0
1/1/13,Other,0.02
2/1/13,Android,36.9
2/1/13,iOS,27.21
2/1/13,SymbianOS,8.18
2/1/13,Series 40,12.61
2/1/13,BlackBerry OS,3.32
2/1/13,Samsung,4.79
2/1/13,Unknown,4.25
2/1/13,Windows Phone,1.08
2/1/13,Sony Ericsson,0.65
2/1/13,Linux,0.08
2/1/13,bada,0.41
2/1/13,Nokia Unknown,0
2/1/13,LG,0.03
2/1/13,Playstation,0.09
2/1/13,WinCE,0
2/1/13,Nintendo 3DS,0.15
2/1/13,Nintendo,0.04
2/1/13,webOS,0.01
2/1/13,WinXP,0.01
2/1/13,Brew,0.07
2/1/13,Motorola,0.03
2/1/13,Win7,0.03
2/1/13,MeeGo,0.03
2/1/13,Maemo 5,0.01
2/1/13,WinVista,0
2/1/13,Other,0.02
3/1/13,Android,37.23
3/1/13,iOS,27.14
3/1/13,SymbianOS,7.98
3/1/13,Series 40,12.58
3/1/13,BlackBerry OS,3.27
3/1/13,Samsung,4.68
3/1/13,Unknown,4.29
3/1/13,Windows Phone,1.19
3/1/13,Sony Ericsson,0.63
3/1/13,Linux,0.08
3/1/13,bada,0.4
3/1/13,Nokia Unknown,0
3/1/13,LG,0.03
3/1/13,Playstation,0.1
3/1/13,WinCE,0
3/1/13,Nintendo 3DS,0.17
3/1/13,Nintendo,0.04
3/1/13,webOS,0.01
3/1/13,WinXP,0.01
3/1/13,Brew,0.06
3/1/13,Motorola,0.03
3/1/13,Win7,0.02
3/1/13,MeeGo,0.03
3/1/13,Maemo 5,0.01
3/1/13,WinVista,0
3/1/13,Other,0.02
4/1/13,Android,38.34
4/1/13,iOS,26.46
4/1/13,SymbianOS,7.75
4/1/13,Series 40,12.5
4/1/13,BlackBerry OS,3.27
4/1/13,Samsung,4.53
4/1/13,Unknown,4.36
4/1/13,Windows Phone,1.25
4/1/13,Sony Ericsson,0.6
4/1/13,Linux,0.08
4/1/13,bada,0.39
4/1/13,Nokia Unknown,0
4/1/13,LG,0.03
4/1/13,Playstation,0.09
4/1/13,WinCE,0
4/1/13,Nintendo 3DS,0.16
4/1/13,Nintendo,0.04
4/1/13,webOS,0
4/1/13,WinXP,0.01
4/1/13,Brew,0.03
4/1/13,Motorola,0.03
4/1/13,Win7,0.02
4/1/13,MeeGo,0.03
4/1/13,Maemo 5,0.01
4/1/13,WinVista,0
4/1/13,Other,0.02
5/1/13,Android,38.27
5/1/13,iOS,25.86
5/1/13,SymbianOS,7.68
5/1/13,Series 40,12.74
5/1/13,BlackBerry OS,3.47
5/1/13,Samsung,4.57
5/1/13,Unknown,4.65
5/1/13,Windows Phone,1.33
5/1/13,Sony Ericsson,0.58
5/1/13,Linux,0.07
5/1/13,bada,0.37
5/1/13,Nokia Unknown,0
5/1/13,LG,0.03
5/1/13,Playstation,0.09
5/1/13,WinCE,0
5/1/13,Nintendo 3DS,0.1
5/1/13,Nintendo,0.04
5/1/13,webOS,0
5/1/13,WinXP,0.01
5/1/13,Brew,0.03
5/1/13,Motorola,0.03
5/1/13,Win7,0.01
5/1/13,MeeGo,0.03
5/1/13,Maemo 5,0.01
5/1/13,WinVista,0
5/1/13,Other,0.02
6/1/13,Android,37.93
6/1/13,iOS,25.09
6/1/13,SymbianOS,7.69
6/1/13,Series 40,13.43
6/1/13,BlackBerry OS,3.46
6/1/13,Samsung,4.75
6/1/13,Unknown,4.87
6/1/13,Windows Phone,1.4
6/1/13,Sony Ericsson,0.57
6/1/13,Linux,0.06
6/1/13,bada,0.35
6/1/13,Nokia Unknown,0
6/1/13,LG,0.03
6/1/13,Playstation,0.08
6/1/13,WinCE,0
6/1/13,Nintendo 3DS,0.1
6/1/13,Nintendo,0.04
6/1/13,webOS,0
6/1/13,WinXP,0.02
6/1/13,Brew,0.03
6/1/13,Motorola,0.03
6/1/13,Win7,0.01
6/1/13,MeeGo,0.02
6/1/13,Maemo 5,0.01
6/1/13,WinVista,0
6/1/13,Other,0.02
7/1/13,Android,38.34
7/1/13,iOS,24.79
7/1/13,SymbianOS,6.39
7/1/13,Series 40,14.38
7/1/13,BlackBerry OS,3.66
7/1/13,Samsung,4.64
7/1/13,Unknown,3.63
7/1/13,Windows Phone,1.52
7/1/13,Sony Ericsson,0.54
7/1/13,Linux,1.11
7/1/13,bada,0.32
7/1/13,Nokia Unknown,0
7/1/13,LG,0.31
7/1/13,Playstation,0.08
7/1/13,WinCE,0
7/1/13,Nintendo 3DS,0.09
7/1/13,Nintendo,0.04
7/1/13,webOS,0
7/1/13,WinXP,0.03
7/1/13,Brew,0.03
7/1/13,Motorola,0.03
7/1/13,Win7,0.01
7/1/13,MeeGo,0.02
7/1/13,Maemo 5,0
7/1/13,WinVista,0.01
7/1/13,Other,0.03
8/1/13,Android,39.52
8/1/13,iOS,23.44
8/1/13,SymbianOS,6.33
8/1/13,Series 40,14.24
8/1/13,BlackBerry OS,3.75
8/1/13,Samsung,4.59
8/1/13,Unknown,3.55
8/1/13,Windows Phone,1.62
8/1/13,Sony Ericsson,0.5
8/1/13,Linux,1.49
8/1/13,bada,0.31
8/1/13,Nokia Unknown,0
8/1/13,LG,0.32
8/1/13,Playstation,0.07
8/1/13,WinCE,0
8/1/13,Nintendo 3DS,0.05
8/1/13,Nintendo,0.04
8/1/13,webOS,0
8/1/13,WinXP,0.02
8/1/13,Brew,0.03
8/1/13,Motorola,0.03
8/1/13,Win7,0.01
8/1/13,MeeGo,0.02
8/1/13,Maemo 5,0
8/1/13,WinVista,0.02
8/1/13,Other,0.03
9/1/13,Android,39.82
9/1/13,iOS,22.73
9/1/13,SymbianOS,6.3
9/1/13,Series 40,14.13
9/1/13,BlackBerry OS,3.75
9/1/13,Samsung,4.82
9/1/13,Unknown,3.75
9/1/13,Windows Phone,1.7
9/1/13,Sony Ericsson,0.49
9/1/13,Linux,1.61
9/1/13,bada,0.3
9/1/13,Nokia Unknown,0
9/1/13,LG,0.33
9/1/13,Playstation,0.05
9/1/13,WinCE,0
9/1/13,Nintendo 3DS,0.04
9/1/13,Nintendo,0.03
9/1/13,webOS,0
9/1/13,WinXP,0.02
9/1/13,Brew,0.02
9/1/13,Motorola,0.02
9/1/13,Win7,0.01
9/1/13,MeeGo,0.02
9/1/13,Maemo 5,0
9/1/13,WinVista,0.03
9/1/13,Other,0.04
10/1/13,Android,39.39
10/1/13,iOS,20.54
10/1/13,SymbianOS,6.49
10/1/13,Series 40,14.64
10/1/13,BlackBerry OS,3.81
10/1/13,Samsung,4.97
10/1/13,Unknown,5.35
10/1/13,Windows Phone,1.71
10/1/13,Sony Ericsson,0.57
10/1/13,Linux,1.6
10/1/13,bada,0.25
10/1/13,Nokia Unknown,0
10/1/13,LG,0.41
10/1/13,Playstation,0.04
10/1/13,WinCE,0
10/1/13,Nintendo 3DS,0.03
10/1/13,Nintendo,0.02
10/1/13,webOS,0
10/1/13,WinXP,0.02
10/1/13,Brew,0.02
10/1/13,Motorola,0.02
10/1/13,Win7,0.01
10/1/13,MeeGo,0.02
10/1/13,Maemo 5,0
10/1/13,WinVista,0.03
10/1/13,Other,0.05
11/1/13,Android,41.31
11/1/13,iOS,21.94
11/1/13,SymbianOS,5.45
11/1/13,Series 40,13.6
11/1/13,BlackBerry OS,3.84
11/1/13,Samsung,4.77
11/1/13,Unknown,4.12
11/1/13,Windows Phone,1.95
11/1/13,Sony Ericsson,0.55
11/1/13,Linux,1.1
11/1/13,bada,0.25
11/1/13,Nokia Unknown,0.5
11/1/13,LG,0.39
11/1/13,Playstation,0.03
11/1/13,WinCE,0
11/1/13,Nintendo 3DS,0.03
11/1/13,Nintendo,0.02
11/1/13,webOS,0
11/1/13,WinXP,0.02
11/1/13,Brew,0.02
11/1/13,Motorola,0.03
11/1/13,Win7,0.01
11/1/13,MeeGo,0.02
11/1/13,Maemo 5,0
11/1/13,WinVista,0.03
11/1/13,Other,0.01
12/1/13,Android,42.99
12/1/13,iOS,21.82
12/1/13,SymbianOS,4.95
12/1/13,Series 40,13.02
12/1/13,BlackBerry OS,3.63
12/1/13,Samsung,4.54
12/1/13,Unknown,4.3
12/1/13,Windows Phone,2.08
12/1/13,Sony Ericsson,0.48
12/1/13,Linux,0.81
12/1/13,bada,0.25
12/1/13,Nokia Unknown,0.61
12/1/13,LG,0.34
12/1/13,Playstation,0.03
12/1/13,WinCE,0
12/1/13,Nintendo 3DS,0.02
12/1/13,Nintendo,0.02
12/1/13,webOS,0
12/1/13,WinXP,0.02
12/1/13,Brew,0.02
12/1/13,Motorola,0.02
12/1/13,Win7,0
12/1/13,MeeGo,0.02
12/1/13,Maemo 5,0
12/1/13,WinVista,0.03
12/1/13,Other,0
1/1/14,Android,44.53
1/1/14,iOS,23.55
1/1/14,SymbianOS,4.41
1/1/14,Series 40,11.72
1/1/14,BlackBerry OS,3.05
1/1/14,Samsung,4.17
1/1/14,Unknown,4.04
1/1/14,Windows Phone,2.16
1/1/14,Sony Ericsson,0.4
1/1/14,Linux,0.64
1/1/14,bada,0.24
1/1/14,Nokia Unknown,0.61
1/1/14,LG,0.3
1/1/14,Playstation,0.04
1/1/14,WinCE,0
1/1/14,Nintendo 3DS,0.02
1/1/14,Nintendo,0.02
1/1/14,webOS,0
1/1/14,WinXP,0.02
1/1/14,Brew,0.01
1/1/14,Motorola,0.02
1/1/14,Win7,0
1/1/14,MeeGo,0.02
1/1/14,Maemo 5,0
1/1/14,WinVista,0.03
1/1/14,Other,0
2/1/14,Android,47.45
2/1/14,iOS,22.97
2/1/14,SymbianOS,3.99
2/1/14,Series 40,10.87
2/1/14,BlackBerry OS,2.62
2/1/14,Samsung,3.86
2/1/14,Unknown,3.78
2/1/14,Windows Phone,2.22
2/1/14,Sony Ericsson,0.36
2/1/14,Linux,0.54
2/1/14,bada,0.23
2/1/14,Nokia Unknown,0.62
2/1/14,LG,0.27
2/1/14,Playstation,0.08
2/1/14,WinCE,0
2/1/14,Nintendo 3DS,0.02
2/1/14,Nintendo,0.01
2/1/14,webOS,0
2/1/14,WinXP,0.02
2/1/14,Brew,0.01
2/1/14,Motorola,0.01
2/1/14,Win7,0
2/1/14,MeeGo,0.01
2/1/14,Maemo 5,0
2/1/14,WinVista,0.03
2/1/14,Other,0
3/1/14,Android,48.26
3/1/14,iOS,23.6
3/1/14,SymbianOS,3.69
3/1/14,Series 40,10.24
3/1/14,BlackBerry OS,2.5
3/1/14,Samsung,3.66
3/1/14,Unknown,3.68
3/1/14,Windows Phone,2.22
3/1/14,Sony Ericsson,0.34
3/1/14,Linux,0.52
3/1/14,bada,0.22
3/1/14,Nokia Unknown,0.64
3/1/14,LG,0.25
3/1/14,Playstation,0.08
3/1/14,WinCE,0
3/1/14,Nintendo 3DS,0.02
3/1/14,Nintendo,0.01
3/1/14,webOS,0
3/1/14,WinXP,0.02
3/1/14,Brew,0.01
3/1/14,Motorola,0.01
3/1/14,Win7,0
3/1/14,MeeGo,0.01
3/1/14,Maemo 5,0
3/1/14,WinVista,0.03
3/1/14,Other,0
4/1/14,Android,49.95
4/1/14,iOS,23.25
4/1/14,SymbianOS,3.43
4/1/14,Series 40,9.54
4/1/14,BlackBerry OS,2.16
4/1/14,Samsung,3.57
4/1/14,Unknown,3.63
4/1/14,Windows Phone,2.4
4/1/14,Sony Ericsson,0.32
4/1/14,Linux,0.48
4/1/14,bada,0.21
4/1/14,Nokia Unknown,0.65
4/1/14,LG,0.23
4/1/14,Playstation,0.08
4/1/14,WinCE,0
4/1/14,Nintendo 3DS,0.02
4/1/14,Nintendo,0.01
4/1/14,webOS,0
4/1/14,WinXP,0.01
4/1/14,Brew,0.01
4/1/14,Motorola,0.01
4/1/14,Win7,0
4/1/14,MeeGo,0.01
4/1/14,Maemo 5,0
4/1/14,WinVista,0.02
4/1/14,Other,0
5/1/14,Android,52.23
5/1/14,iOS,23.24
5/1/14,SymbianOS,3.02
5/1/14,Series 40,8.73
5/1/14,BlackBerry OS,1.88
5/1/14,Samsung,3.11
5/1/14,Unknown,3.47
5/1/14,Windows Phone,2.4
5/1/14,Sony Ericsson,0.28
5/1/14,Linux,0.47
5/1/14,bada,0.18
5/1/14,Nokia Unknown,0.63
5/1/14,LG,0.21
5/1/14,Playstation,0.07
5/1/14,WinCE,0
5/1/14,Nintendo 3DS,0.02
5/1/14,Nintendo,0.01
5/1/14,webOS,0
5/1/14,WinXP,0
5/1/14,Brew,0.01
5/1/14,Motorola,0.01
5/1/14,Win7,0
5/1/14,MeeGo,0.01
5/1/14,Maemo 5,0
5/1/14,WinVista,0.02
5/1/14,Other,0
6/1/14,Android,52.98
6/1/14,iOS,24.29
6/1/14,SymbianOS,2.76
6/1/14,Series 40,7.9
6/1/14,BlackBerry OS,1.87
6/1/14,Samsung,2.66
6/1/14,Unknown,3.38
6/1/14,Windows Phone,2.37
6/1/14,Sony Ericsson,0.24
6/1/14,Linux,0.48
6/1/14,bada,0.17
6/1/14,Nokia Unknown,0.57
6/1/14,LG,0.19
6/1/14,Playstation,0.06
6/1/14,WinCE,0
6/1/14,Nintendo 3DS,0.02
6/1/14,Nintendo,0.01
6/1/14,webOS,0
6/1/14,WinXP,0
6/1/14,Brew,0.01
6/1/14,Motorola,0.01
6/1/14,Win7,0
6/1/14,MeeGo,0.01
6/1/14,Maemo 5,0
6/1/14,WinVista,0.02
6/1/14,Other,0
7/1/14,Android,53.51
7/1/14,iOS,24.9
7/1/14,SymbianOS,2.52
7/1/14,Series 40,7.34
7/1/14,BlackBerry OS,1.66
7/1/14,Samsung,2.51
7/1/14,Unknown,3.39
7/1/14,Windows Phone,2.42
7/1/14,Sony Ericsson,0.22
7/1/14,Linux,0.5
7/1/14,bada,0.15
7/1/14,Nokia Unknown,0.56
7/1/14,LG,0.18
7/1/14,Playstation,0.07
7/1/14,WinCE,0
7/1/14,Nintendo 3DS,0.02
7/1/14,Nintendo,0.01
7/1/14,webOS,0
7/1/14,WinXP,0
7/1/14,Brew,0.01
7/1/14,Motorola,0.01
7/1/14,Win7,0
7/1/14,MeeGo,0.01
7/1/14,Maemo 5,0
7/1/14,WinVista,0.02
7/1/14,Other,0
8/1/14,Android,54.87
8/1/14,iOS,23.57
8/1/14,SymbianOS,2.49
8/1/14,Series 40,7.24
8/1/14,BlackBerry OS,1.59
8/1/14,Samsung,2.51
8/1/14,Unknown,3.59
8/1/14,Windows Phone,2.36
8/1/14,Sony Ericsson,0.21
8/1/14,Linux,0.54
8/1/14,bada,0.14
8/1/14,Nokia Unknown,0.58
8/1/14,LG,0.17
8/1/14,Playstation,0.06
8/1/14,WinCE,0
8/1/14,Nintendo 3DS,0.01
8/1/14,Nintendo,0.01
8/1/14,webOS,0
8/1/14,WinXP,0
8/1/14,Brew,0.01
8/1/14,Motorola,0.01
8/1/14,Win7,0
8/1/14,MeeGo,0.01
8/1/14,Maemo 5,0
8/1/14,WinVista,0.02
8/1/14,Other,0
9/1/14,Android,55.7
9/1/14,iOS,24.73
9/1/14,SymbianOS,2.18
9/1/14,Series 40,6.94
9/1/14,BlackBerry OS,1.57
9/1/14,Samsung,2.28
9/1/14,Unknown,2.7
9/1/14,Windows Phone,2.29
9/1/14,Sony Ericsson,0.2
9/1/14,Linux,0.36
9/1/14,bada,0.14
9/1/14,Nokia Unknown,0.64
9/1/14,LG,0.17
9/1/14,Playstation,0.04
9/1/14,WinCE,0
9/1/14,Nintendo 3DS,0.01
9/1/14,Nintendo,0.01
9/1/14,webOS,0
9/1/14,WinXP,0.01
9/1/14,Brew,0.01
9/1/14,Motorola,0.01
9/1/14,Win7,0
9/1/14,MeeGo,0.01
9/1/14,Maemo 5,0
9/1/14,WinVista,0.02
9/1/14,Other,0
10/1/14,Android,57.43
10/1/14,iOS,25.96
10/1/14,SymbianOS,1.8
10/1/14,Series 40,5.68
10/1/14,BlackBerry OS,1.29
10/1/14,Samsung,1.8
10/1/14,Unknown,2.33
10/1/14,Windows Phone,2.32
10/1/14,Sony Ericsson,0.15
10/1/14,Linux,0.32
10/1/14,bada,0.11
10/1/14,Nokia Unknown,0.55
10/1/14,LG,0.13
10/1/14,Playstation,0.06
10/1/14,WinCE,0
10/1/14,Nintendo 3DS,0.01
10/1/14,Nintendo,0
10/1/14,webOS,0
10/1/14,WinXP,0.01
10/1/14,Brew,0.01
10/1/14,Motorola,0.01
10/1/14,Win7,0
10/1/14,MeeGo,0.01
10/1/14,Maemo 5,0
10/1/14,WinVista,0.02
10/1/14,Other,0.01
11/1/14,Android,59.9
11/1/14,iOS,23.02
11/1/14,SymbianOS,1.82
11/1/14,Series 40,5.73
11/1/14,BlackBerry OS,1.3
11/1/14,Samsung,1.75
11/1/14,Unknown,2.62
11/1/14,Windows Phone,2.42
11/1/14,Sony Ericsson,0.16
11/1/14,Linux,0.35
11/1/14,bada,0.11
11/1/14,Nokia Unknown,0.58
11/1/14,LG,0.13
11/1/14,Playstation,0.04
11/1/14,WinCE,0
11/1/14,Nintendo 3DS,0.02
11/1/14,Nintendo,0
11/1/14,webOS,0
11/1/14,WinXP,0
11/1/14,Brew,0.01
11/1/14,Motorola,0
11/1/14,Win7,0
11/1/14,MeeGo,0.01
11/1/14,Maemo 5,0
11/1/14,WinVista,0.02
11/1/14,Other,0.01
12/1/14,Android,58.96
12/1/14,iOS,25.15
12/1/14,SymbianOS,1.63
12/1/14,Series 40,5.18
12/1/14,BlackBerry OS,1.27
12/1/14,Samsung,1.59
12/1/14,Unknown,2.48
12/1/14,Windows Phone,2.29
12/1/14,Sony Ericsson,0.14
12/1/14,Linux,0.27
12/1/14,bada,0.1
12/1/14,Nokia Unknown,0.74
12/1/14,LG,0.12
12/1/14,Playstation,0.04
12/1/14,WinCE,0
12/1/14,Nintendo 3DS,0.02
12/1/14,Nintendo,0
12/1/14,webOS,0
12/1/14,WinXP,0
12/1/14,Brew,0.01
12/1/14,Motorola,0
12/1/14,Win7,0
12/1/14,MeeGo,0.01
12/1/14,Maemo 5,0
12/1/14,WinVista,0.02
12/1/14,Other,0