Player,Draft_Year,Draft_Pick,VORP
Pervis Ellison,1989,1,7.4
Danny Ferry,1989,2,5
Sean Elliott,1989,3,16.1
Glen Rice,1989,4,22.1
J.R. Reid,1989,5,-0.2
Stacey King,1989,6,-1.9
George McCloud,1989,7,5.6
Randy White,1989,8,-3.3
Tom Hammonds,1989,9,-6
Pooh Richardson,1989,10,5.5
Nick Anderson,1989,11,23.5
Mookie Blaylock,1989,12,38.9
Michael Smith,1989,13,-0.7
Tim Hardaway,1989,14,34.6
Todd Lichti,1989,15,-0.8
Dana Barros,1989,16,10.6
Shawn Kemp,1989,17,27.3
B.J. Armstrong,1989,18,1.9
Kenny Payne,1989,19,-1.3
Jeff Sanders,1989,20,-20
Blue Edwards,1989,21,5.7
Byron Irvin,1989,22,-20
Roy Marble,1989,23,-20
Anthony Cook,1989,24,-0.8
John Morton,1989,25,-1.3
Vlade Divac,1989,26,45.3
Kenny Battle,1989,27,0.9
Sherman Douglas,1989,28,2.6
Dyron Nix,1989,29,-20
Frank Kornet,1989,30,-20
Jeff Martin,1989,31,-1.2
Stanley Brundy,1989,32,-20
Jay Edwards,1989,33,-20
Gary Leonard,1989,34,-20
Pat Durham,1989,35,-20
Clifford Robinson,1989,36,28.7
Michael Ansley,1989,37,0.5
Doug West,1989,38,-2.2
Ed Horton,1989,39,-20
Dino Radja,1989,40,2.3
Doug Roth,1989,41,-20
Michael Cutright,1989,42,-20
Chucky Brown,1989,43,-3
Reggie Cross,1989,44,-20
Scott Haffner,1989,45,-20
Ricky Blanton,1989,46,-20
Reggie Turner,1989,47,-20
Junie Lewis,1989,48,-20
Haywoode Workman,1989,49,1.5
Brian Quinnett,1989,50,-0.7
Mike Morrison,1989,51,-20
Greg Grant,1989,52,-3
Jeff Hodge,1989,53,-20
Toney Mack,1989,54,-20
Derrick Coleman,1990,1,21.7
Gary Payton,1990,2,63
Mahmoud Abdul-Rauf,1990,3,-0.7
Dennis Scott,1990,4,7.3
Kendall Gill,1990,5,16.9
Felton Spencer,1990,6,-1.9
Lionel Simmons,1990,7,7.2
Bo Kimble,1990,8,-1.1
Willie Burton,1990,9,-1.4
Rumeal Robinson,1990,10,-0.3
Tyrone Hill,1990,11,5.7
Alec Kessler,1990,12,-3.2
Loy Vaught,1990,13,1.8
Travis Mays,1990,14,-0.5
Dave Jamerson,1990,15,-20
Terry Mills,1990,16,5.5
Jerrod Mustaf,1990,17,-1.2
Duane Causwell,1990,18,1.6
Dee Brown,1990,19,11
Gerald Glass,1990,20,-0.4
Jayson Williams,1990,21,0.1
Tate George,1990,22,-1.8
Anthony Bonner,1990,23,2.8
Dwayne Schintzius,1990,24,-1.4
Alaa Abdelnaby,1990,25,-2.3
Lance Blanks,1990,26,-0.5
Elden Campbell,1990,27,10.8
Les Jepsen,1990,28,-20
Toni Kukoc,1990,29,24.7
Carl Herrera,1990,30,-2.6
Negele Knight,1990,31,-3
Brian Oliver,1990,32,-1.3
Walter Palmer,1990,33,-20
Kevin Pritchard,1990,34,-1
Greg Foster,1990,35,-6.3
Trevor Wilson,1990,36,-0.6
A.J. English,1990,37,-2.4
Jud Buechler,1990,38,2.7
Steve Scheffler,1990,39,-20
Bimbo Coles,1990,40,-0.7
Steve Bardo,1990,41,-20
Marcus Liberty,1990,42,-1.1
Tony Massenburg,1990,43,-8
Steve Henson,1990,44,-1.1
Antonio Davis,1990,45,8.8
Kenny Williams,1990,46,1.4
Derek Strong,1990,47,-2.3
Cedric Ceballos,1990,48,6
Phil Henderson,1990,49,-20
Milos Babic,1990,50,-20
Tony Smith,1990,51,-1.1
Stefano Rusconi,1990,52,-20
Abdul Shamsid-Deen,1990,53,-20
Sean Higgins,1990,54,-2.7
Larry Johnson,1991,1,28.3
Kenny Anderson,1991,2,18
Billy Owens,1991,3,11.2
Dikembe Mutombo,1991,4,38.2
Steve Smith,1991,5,24.4
Doug Smith,1991,6,-1.5
Luc Longley,1991,7,1.5
Mark Macon,1991,8,-1.5
Stacey Augmon,1991,9,9.8
Bison Dele,1991,10,4.4
Terrell Brandon,1991,11,23.7
Greg Anthony,1991,12,8.1
Dale Davis,1991,13,28.6
Rich King,1991,14,-20
Anthony Avent,1991,15,-5
Chris Gatling,1991,16,-0.2
Victor Alexander,1991,17,-0.9
Kevin Brooks,1991,18,-1.5
LaBradford Smith,1991,19,-1.6
John Turner,1991,20,-20
Eric Murdock,1991,21,9.4
LeRon Ellis,1991,22,-20
Stanley Roberts,1991,23,-1.9
Rick Fox,1991,24,17.6
Shaun Vandiver,1991,25,-20
Mark Randall,1991,26,-20
Pete Chilcutt,1991,27,0.3
Kevin Lynch,1991,28,-0.6
George Ackles,1991,29,-20
Rodney Monroe,1991,30,-20
Randy Brown,1991,31,-0.5
Chad Gallagher,1991,32,-20
Donald Hodge,1991,33,-1.8
Myron Brown,1991,34,-20
Mike Iuzzolino,1991,35,-0.6
Chris Corchiani,1991,36,-0.2
Elliot Perry,1991,37,-0.4
Joe Wylie,1991,38,-20
Jimmy Oliver,1991,39,-20
Doug Overton,1991,40,-6.2
Sean Green,1991,41,-20
Steve Hood,1991,42,-20
Lamont Strothers,1991,43,-20
Alvaro Teheran,1991,44,-20
Bobby Phills,1991,45,8.6
Richard Dumas,1991,46,1
Keith Hughes,1991,47,-20
Isaac Austin,1991,48,-1
Greg Sutton,1991,49,-1
Joey Wright,1991,50,-20
Zan Tabak,1991,51,-2.2
Anthony Jones,1991,52,-20
Von McDade,1991,53,-20
Marcus Kennedy,1991,54,-20
Shaquille O'Neal,1992,1,74
Alonzo Mourning,1992,2,24
Christian Laettner,1992,3,23.2
Jim Jackson,1992,4,9.6
LaPhonso Ellis,1992,5,7.1
Tom Gugliotta,1992,6,18.7
Walt Williams,1992,7,12.4
Todd Day,1992,8,2.8
Clarence Weatherspoon,1992,9,13.4
Adam Keefe,1992,10,4.9
Robert Horry,1992,11,32
Harold Miner,1992,12,-2
Bryant Stith,1992,13,5.8
Malik Sealy,1992,14,1.7
Anthony Peeler,1992,15,6.1
Randy Woods,1992,16,-0.4
Doug Christie,1992,17,25.4
Tracy Murray,1992,18,1.4
Don MacLean,1992,19,-2.9
Hubert Davis,1992,20,0.7
Jon Barry,1992,21,9.8
Oliver Miller,1992,22,10.9
Lee Mayberry,1992,23,-6.6
Latrell Sprewell,1992,24,21.7
Elmore Spencer,1992,25,-1.4
Dave Johnson,1992,26,-20
Byron Houston,1992,27,-0.3
Marlon Maxey,1992,28,-0.5
P.J. Brown,1992,29,28.6
Sean Rooks,1992,30,-2.7
Reggie Smith,1992,31,-20
Brent Price,1992,32,1.6
Corey Williams,1992,33,-20
Chris Smith,1992,34,-2.5
Tony Bennett,1992,35,-0.9
Duane Cooper,1992,36,-20
Isaiah Morris,1992,37,-20
Elmer Bennett,1992,38,-20
Litterial Green,1992,39,-0.8
Steve Rogers,1992,40,-20
Popeye Jones,1992,41,2.8
Matt Geiger,1992,42,1.6
Sasha Danilovic,1992,43,0.7
Henry Williams,1992,44,-20
Chris King,1992,45,-0.4
Robert Werdann,1992,46,-20
Darren Morningstar,1992,47,-20
Brian Davis,1992,48,-20
Ron Ellis,1992,49,-20
Matt Fish,1992,50,-20
Tim Burroughs,1992,51,-20
Matt Steigenga,1992,52,-20
Curtis Blair,1992,53,-20
Brett Roberts,1992,54,-20
Chris Webber,1993,1,45.9
Shawn Bradley,1993,2,12.3
Anfernee Hardaway,1993,3,27.2
Jamal Mashburn,1993,4,12.9
Isaiah Rider,1993,5,3.6
Calbert Cheaney,1993,6,-0.7
Bobby Hurley,1993,7,-5.8
Vin Baker,1993,8,10.4
Rodney Rogers,1993,9,13.8
Lindsey Hunter,1993,10,9.5
Allan Houston,1993,11,9.9
George Lynch,1993,12,11.5
Terry Dehere,1993,13,-2.6
Scott Haskin,1993,14,-20
Doug Edwards,1993,15,-20
Rex Walters,1993,16,-1.5
Greg Graham,1993,17,-1.6
Luther Wright,1993,18,-20
Acie Earl,1993,19,-3.1
Scott Burrell,1993,20,6.1
James Robinson,1993,21,-1.2
Chris Mills,1993,22,8.8
Ervin Johnson,1993,23,8.7
Sam Cassell,1993,24,25.4
Corie Blount,1993,25,2.4
Geert Hammink,1993,26,-20
Malcolm Mackey,1993,27,-20
Lucious Harris,1993,28,0.5
Sherron Mills,1993,29,-20
Gheorghe Muresan,1993,30,2.5
Evers Burns,1993,31,-20
Alphonso Ford,1993,32,-20
Eric Riley,1993,33,-0.5
Darnell Mee,1993,34,-20
Ed Stokes,1993,35,-20
John Best,1993,36,-20
Nick Van Exel,1993,37,11.4
Conrad McRae,1993,38,-20
Thomas Hill,1993,39,-20
Rich Manning,1993,40,-20
Anthony Reed,1993,41,-20
Adonis Jordan,1993,42,-20
Josh Grant,1993,43,-20
Alex Holcombe,1993,44,-20
Bryon Russell,1993,45,18.5
Richard Petruska,1993,46,-20
Chris Whitney,1993,47,2
Kevin Thompson,1993,48,-20
Mark Buford,1993,49,-20
Marcelo Nicola,1993,50,-20
Spencer Dunkley,1993,51,-20
Mike Peplowski,1993,52,-20
Leonard White,1993,53,-20
Byron Wilson,1993,54,-20
Glenn Robinson,1994,1,10.3
Jason Kidd,1994,2,78.2
Grant Hill,1994,3,42.5
Donyell Marshall,1994,4,19.1
Juwan Howard,1994,5,10.1
Sharone Wright,1994,6,-4.1
Lamond Murray,1994,7,1.4
Brian Grant,1994,8,10.4
Eric Montross,1994,9,-3
Eddie Jones,1994,10,45.1
Carlos Rogers,1994,11,0.2
Khalid Reeves,1994,12,0.6
Jalen Rose,1994,13,11.9
Yinka Dare,1994,14,-2
Eric Piatkowski,1994,15,5.5
Clifford Rozier,1994,16,-0.1
Aaron McKie,1994,17,12.9
Eric Mobley,1994,18,-0.8
Tony Dumas,1994,19,-1.6
B.J. Tyler,1994,20,-20
Dickey Simpkins,1994,21,-2.3
Bill Curley,1994,22,-0.6
Wesley Person,1994,23,13.8
Monty Williams,1994,24,0.5
Greg Minor,1994,25,-0.3
Charlie Ward,1994,26,13.3
Brooks Thompson,1994,27,0.1
Deon Thomas,1994,28,-20
Antonio Lang,1994,29,-0.3
Howard Eisley,1994,30,-1
Rodney Dent,1994,31,-20
Jim McIlvaine,1994,32,2.8
Derrick Alston,1994,33,-0.1
Gaylon Nickerson,1994,34,-20
Michael Smith,1994,35,8.7
Andrei Fetisov,1994,36,-20
Dontonio Wingfield,1994,37,0.2
Darrin Hancock,1994,38,-0.5
Anthony Miller,1994,39,-0.2
Jeff Webster,1994,40,-20
William Njoku,1994,41,-20
Gary Collier,1994,42,-20
Shawnelle Scott,1994,43,-20
Damon Bailey,1994,44,-20
Dwayne Morton,1994,45,-20
Voshon Lenard,1994,46,6.7
Jamie Watson,1994,47,0.3
Jevon Crudup,1994,48,-20
Kris Bruton,1994,49,-20
Charles Claxton,1994,50,-20
Lawrence Funderburke,1994,51,-0.2
Anthony Goldwire,1994,52,-1.6
Albert Burditt,1994,53,-20
Zeljko Rebraca,1994,54,-0.4
Joe Smith,1995,1,5.9
Antonio McDyess,1995,2,16.4
Jerry Stackhouse,1995,3,12.8
Rasheed Wallace,1995,4,37.5
Kevin Garnett,1995,5,94
Bryant Reeves,1995,6,-1.8
Damon Stoudamire,1995,7,15.4
Shawn Respert,1995,8,-0.9
Ed O'Bannon,1995,9,-1
Kurt Thomas,1995,10,13.2
Gary Trent,1995,11,1.7
Cherokee Parks,1995,12,-0.1
Corliss Williamson,1995,13,-1.9
Eric Williams,1995,14,-1.8
Brent Barry,1995,15,27.2
Alan Henderson,1995,16,1.1
Bob Sura,1995,17,9.2
Theo Ratliff,1995,18,15.1
Randolph Childress,1995,19,-20
Jason Caffey,1995,20,-1.6
Michael Finley,1995,21,29.2
George Zidek,1995,22,-1.9
Travis Best,1995,23,4
Loren Meyer,1995,24,-2.2
David Vaughn,1995,25,-1
Sherell Ford,1995,26,-20
Mario Bennett,1995,27,-20
Greg Ostertag,1995,28,10
Cory Alexander,1995,29,-0.2
Lou Roe,1995,30,-20
Dragan Tarlac,1995,31,-20
Terrence Rencher,1995,32,-20
Junior Burrough,1995,33,-20
Andrew DeClercq,1995,34,2.4
Jimmy King,1995,35,-20
Lawrence Moten,1995,36,-0.8
Frankie King,1995,37,-20
Rashard Griffith,1995,38,-20
Donny Marshall,1995,39,-20
Dwayne Whitfield,1995,40,-20
Erik Meek,1995,41,-20
Donnie Boyce,1995,42,-20
Eric Snow,1995,43,4.3
Anthony Pelle,1995,44,-20
Troy Brown,1995,45,-20
George Banks,1995,46,-20
Tyus Edney,1995,47,-0.9
Mark Davis,1995,48,0.3
Jerome Allen,1995,49,-0.7
Martin Lewis,1995,50,-20
Dejan Bodiroga,1995,51,-20
Fred Hoiberg,1995,52,6.9
Constantin Popa,1995,53,-20
Aurelijius Zukauskas,1995,54,-20
Michael McDonald,1995,55,-20
Chris Carr,1995,56,-2.4
Cuonzo Martin,1995,57,-20
Don Reid,1995,58,2.4
Allen Iverson,1996,1,44.1
Marcus Camby,1996,2,35.6
Shareef Abdur-Rahim,1996,3,21.1
Stephon Marbury,1996,4,25.6
Ray Allen,1996,5,58.1
Antoine Walker,1996,6,21.9
Lorenzen Wright,1996,7,0
Kerry Kittles,1996,8,16.9
Samaki Walker,1996,9,-1.8
Erick Dampier,1996,10,13.1
Todd Fuller,1996,11,-3.2
Vitaly Potapenko,1996,12,-4.4
Kobe Bryant,1996,13,72.1
Peja Stojakovic,1996,14,23.9
Steve Nash,1996,15,31.2
Tony Delk,1996,16,2.1
Jermaine O'Neal,1996,17,13.9
John Wallace,1996,18,-3.8
Walter McCarty,1996,19,1.7
Zydrunas Ilgauskas,1996,20,13
Dontae' Jones,1996,21,-20
Roy Rogers,1996,22,-0.7
Efthimi Rentzias,1996,23,-20
Derek Fisher,1996,24,9.3
Martin Muursepp,1996,25,-20
Jerome Williams,1996,26,9
Brian Evans,1996,27,-0.1
Priest Lauderdale,1996,28,-20
Travis Knight,1996,29,0.8
Othella Harrington,1996,30,-4
Mark Hendrickson,1996,31,-0.8
Ryan Minor,1996,32,-20
Moochie Norris,1996,33,-0.1
Shawn Harvey,1996,34,-20
Joseph Blair,1996,35,-20
Doron Sheffer,1996,36,-20
Jeff McInnis,1996,37,-2.5
Steve Hamer,1996,38,-20
Russ Millard,1996,39,-20
Marcus Mann,1996,40,-20
Jason Sasser,1996,41,-20
Randy Livingston,1996,42,-1.2
Ben Davis,1996,43,-20
Malik Rose,1996,44,1.9
Joe Vogel,1996,45,-20
Marcus Brown,1996,46,-20
Ron Riley,1996,47,-20
Jamie Feick,1996,48,0.4
Amal McCaskill,1996,49,-20
Terrell Bell,1996,50,-20
Chris Robinson,1996,51,-0.6
Mark Pope,1996,52,-0.5
Jeff Nordgaard,1996,53,-20
Shandon Anderson,1996,54,4.9
Ronnie Henderson,1996,55,-20
Reggie Geary,1996,56,-20
Drew Barry,1996,57,-20
Darnell Robinson,1996,58,-20
Tim Duncan,1997,1,89.3
Keith Van Horn,1997,2,8.4
Chauncey Billups,1997,3,37.6
Antonio Daniels,1997,4,4.1
Tony Battie,1997,5,1.9
Ron Mercer,1997,6,-4.3
Tim Thomas,1997,7,5.4
Adonal Foyle,1997,8,3.9
Tracy McGrady,1997,9,50.6
Danny Fortson,1997,10,-2.1
Tariq Abdul-Wahad,1997,11,-1.5
Austin Croshere,1997,12,4.3
Derek Anderson,1997,13,13.3
Maurice Taylor,1997,14,-5.9
Kelvin Cato,1997,15,4.6
Brevin Knight,1997,16,4.3
Johnny Taylor,1997,17,-20
Chris Anstey,1997,18,-0.4
Scot Pollard,1997,19,5.5
Paul Grant,1997,20,-20
Anthony Parker,1997,21,9.1
Ed Gray,1997,22,-20
Bobby Jackson,1997,23,7.8
Rodrick Rhodes,1997,24,-1.4
John Thomas,1997,25,-0.7
Charles Smith,1997,26,0.2
Jacque Vaughn,1997,27,-7.1
Keith Booth,1997,28,-20
Serge Zwikker,1997,29,-20
Mark Sanford,1997,30,-20
Charles O'Bannon,1997,31,-20
James Cotton,1997,32,-20
Marko Milic,1997,33,-20
Bubba Wells,1997,34,-20
Kebu Stewart,1997,35,-20
James Collins,1997,36,-20
Marc Jackson,1997,37,-3.1
Jerald Honeycutt,1997,38,-20
Anthony Johnson,1997,39,-0.4
Eddie Elisma,1997,40,-20
Jason Lawson,1997,41,-20
Stephen Jackson,1997,42,13.6
Gordon Malone,1997,43,-20
Cedric Henderson,1997,44,-0.7
God Shammgod,1997,45,-20
Eric Washington,1997,46,-1
Alvin Williams,1997,47,3.6
Predrag Drobnjak,1997,48,-3.1
Alain Digbeu,1997,49,-20
Chris Crawford,1997,50,-0.9
DeJuan Wheat,1997,51,-20
C.J. Bruton,1997,52,-20
Paul Rogers,1997,53,-20
Mark Blount,1997,54,-1.4
Ben Pepper,1997,55,-20
Nate Erdmann,1997,56,-20
Roberto Duenas,1997,57,-20
Michael Olowokandi,1998,1,-8.3
Mike Bibby,1998,2,21.2
Raef LaFrentz,1998,3,12.8
Antawn Jamison,1998,4,17.4
Vince Carter,1998,5,53.2
Robert Traylor,1998,6,3.6
Jason Williams,1998,7,7.8
Larry Hughes,1998,8,9.7
Dirk Nowitzki,1998,9,65.7
Paul Pierce,1998,10,61.7
Bonzi Wells,1998,11,9.3
Michael Doleac,1998,12,-3.8
Keon Clark,1998,13,3.8
Michael Dickerson,1998,14,1.6
Matt Harpring,1998,15,8.2
Bryce Drew,1998,16,-2.6
Rasho Nesterovic,1998,17,11
Mirsad Turkcan,1998,18,-20
Pat Garrity,1998,19,0.7
Roshown McLeod,1998,20,-1.6
Ricky Davis,1998,21,6.5
Brian Skinner,1998,22,-1
Tyronn Lue,1998,23,-2.5
Felipe Lopez,1998,24,-0.7
Al Harrington,1998,25,5.5
Sam Jacobson,1998,26,-20
Vladimir Stepania,1998,27,-1.8
Corey Benjamin,1998,28,-2
Nazr Mohammed,1998,29,-2
Ansu Sesay,1998,30,-0.4
Ruben Patterson,1998,31,11.8
Rashard Lewis,1998,32,34.1
Jelani McCoy,1998,33,-1.1
Shammond Williams,1998,34,-0.4
Bruno Sundov,1998,35,-20
Jerome James,1998,36,-1.3
Casey Shaw,1998,37,-20
DeMarco Johnson,1998,38,-20
Rafer Alston,1998,39,10.9
Korleone Young,1998,40,-20
Cuttino Mobley,1998,41,15.3
Miles Simon,1998,42,-20
Jahidi White,1998,43,-2.7
Sean Marks,1998,44,-1.7
Toby Bailey,1998,45,-20
Andrae Patterson,1998,46,-20
Tyson Wheeler,1998,47,-20
Ryan Stack,1998,48,-20
Cory Carr,1998,49,-20
Andrew Betts,1998,50,-20
Corey Brewer,1998,51,-20
Derrick Dial,1998,52,-20
Greg Buckner,1998,53,5.8
Tremaine Fowlkes,1998,54,0
Ryan Bowen,1998,55,3.3
J.R. Henderson,1998,56,-20
Torraye Braggs,1998,57,-20
Maceo Baston,1998,58,-20
Elton Brand,1999,1,45.2
Steve Francis,1999,2,28.2
Baron Davis,1999,3,34.1
Lamar Odom,1999,4,36.3
Jonathan Bender,1999,5,-1.5
Wally Szczerbiak,1999,6,12.8
Richard Hamilton,1999,7,10.5
Andre Miller,1999,8,31.7
Shawn Marion,1999,9,52.1
Jason Terry,1999,10,33.8
Trajan Langdon,1999,11,0.1
Aleksandar Radojevic,1999,12,-20
Corey Maggette,1999,13,9.5
William Avery,1999,14,-1.6
Frederic Weis,1999,15,-20
Metta World Peace,1999,16,30
Cal Bowdler,1999,17,-0.9
James Posey,1999,18,18.8
Quincy Lewis,1999,19,-0.9
Dion Glover,1999,20,-0.7
Jeff Foster,1999,21,13
Kenny Thomas,1999,22,6.6
Devean George,1999,23,2.5
Andrei Kirilenko,1999,24,42.4
Tim James,1999,25,-20
Vonteego Cummings,1999,26,-0.9
Jumaine Jones,1999,27,2.4
Scott Padgett,1999,28,2.7
Leon Smith,1999,29,-20
John Celestand,1999,30,-20
Rico Hill,1999,31,-20
Michael Ruffin,1999,32,1.2
Chris Herren,1999,33,-0.9
Evan Eschmeyer,1999,34,0.5
Calvin Booth,1999,35,0.8
Wang Zhizhi,1999,36,-0.7
Obinna Ekezie,1999,37,-1.5
Laron Profit,1999,38,-0.5
A.J. Bramlett,1999,39,-20
Gordan Giricek,1999,40,-2.5
Francisco Elson,1999,41,0.8
Louis Bullock,1999,42,-20
Lee Nailon,1999,43,-1.5
Tyrone Washington,1999,44,-20
Ryan Robertson,1999,45,-20
J.R. Koch,1999,46,-20
Todd MacCulloch,1999,47,1.9
Galen Young,1999,48,-20
Lari Ketner,1999,49,-20
Venson Hamilton,1999,50,-20
Antwain Smith,1999,51,-20
Roberto Bergersen,1999,52,-20
Rodney Buford,1999,53,-2.8
Melvin Levett,1999,54,-20
Kris Clack,1999,55,-20
Tim Young,1999,56,-20
Manu Ginobili,1999,57,45.5
Eddie Lucas,1999,58,-20
Kenyon Martin,2000,1,15.5
Stromile Swift,2000,2,0.2
Darius Miles,2000,3,2.3
Marcus Fizer,2000,4,-4.1
Mike Miller,2000,5,20.4
DerMarr Johnson,2000,6,0.6
Chris Mihm,2000,7,-4.1
Jamal Crawford,2000,8,11.5
Joel Przybilla,2000,9,3.3
Keyon Dooling,2000,10,-3.6
Jerome Moiso,2000,11,-0.6
Etan Thomas,2000,12,-1
Courtney Alexander,2000,13,-2.1
Mateen Cleaves,2000,14,-2
Jason Collier,2000,15,-2.3
Hedo Turkoglu,2000,16,21.4
Desmond Mason,2000,17,-1.9
Quentin Richardson,2000,18,8.9
Jamaal Magloire,2000,19,-3.3
Speedy Claxton,2000,20,2.8
Morris Peterson,2000,21,9.7
Donnell Harvey,2000,22,-0.6
DeShawn Stevenson,2000,23,-4.6
Dalibor Bagaric,2000,24,-20
Jake Tsakalidis,2000,25,-1.3
Mamadou N'Diaye,2000,26,-20
Primoz Brezec,2000,27,-0.8
Erick Barkley,2000,28,-20
Mark Madsen,2000,29,-0.2
Marko Jaric,2000,30,4.3
Dan Langhi,2000,31,-1.5
A.J. Guyton,2000,32,-1.1
Jake Voskuhl,2000,33,-0.3
Khalid El-Amin,2000,34,-20
Mike Smith,2000,35,-20
Soumaila Samake,2000,36,-20
Eddie House,2000,37,1.6
Eduardo Najera,2000,38,6.4
Lavor Postell,2000,39,-20
Hanno Mottola,2000,40,-2.3
Chris Carrawell,2000,41,-20
Olumide Oyedeji,2000,42,-20
Michael Redd,2000,43,14.9
Brian Cardinal,2000,44,4.5
Jabari Smith,2000,45,-0.5
DeeAndre Hulett,2000,46,-20
Josip Sesar,2000,47,-20
Mark Karcher,2000,48,-20
Jason Hart,2000,49,0.3
Kaniel Dickens,2000,50,-20
Igor Rakocevic,2000,51,-20
Ernest Brown,2000,52,-20
Dan McClintock,2000,53,-20
Cory Hightower,2000,54,-20
Chris Porter,2000,55,-0.8
Jaquay Walls,2000,56,-20
Scoonie Penn,2000,57,-20
Pete Mickeal,2000,58,-20
Kwame Brown,2001,1,-0.4
Tyson Chandler,2001,2,26.2
Pau Gasol,2001,3,51.8
Eddy Curry,2001,4,-5
Jason Richardson,2001,5,24.4
Shane Battier,2001,6,37
Eddie Griffin,2001,7,1.7
DeSagana Diop,2001,8,4.3
Rodney White,2001,9,-1.5
Joe Johnson,2001,10,26.2
Kedrick Brown,2001,11,-0.1
Vladimir Radmanovic,2001,12,7.7
Richard Jefferson,2001,13,20.1
Troy Murphy,2001,14,9.5
Steven Hunter,2001,15,-1.3
Kirk Haston,2001,16,-20
Michael Bradley,2001,17,-0.9
Jason Collins,2001,18,0.2
Zach Randolph,2001,19,13.5
Brendan Haywood,2001,20,8.4
Joseph Forte,2001,21,-20
Jeryl Sasser,2001,22,-0.2
Brandon Armstrong,2001,23,-20
Raul Lopez,2001,24,-0.8
Gerald Wallace,2001,25,27.3
Samuel Dalembert,2001,26,7.2
Jamaal Tinsley,2001,27,5.7
Tony Parker,2001,28,27.5
Trenton Hassell,2001,29,-1.3
Gilbert Arenas,2001,30,24.1
Omar Cook,2001,31,-20
Will Solomon,2001,32,-1.1
Terence Morris,2001,33,-0.8
Brian Scalabrine,2001,34,-1.1
Jeff Trepagnier,2001,35,-20
Damone Brown,2001,36,-20
Mehmet Okur,2001,37,15.7
Michael Wright,2001,38,-20
Earl Watson,2001,39,1
Jamison Brewer,2001,40,-20
Bobby Simmons,2001,41,5.4
Eric Chenowith,2001,42,-20
Kyle Hill,2001,43,-20
Sean Lampley,2001,44,-20
Loren Woods,2001,45,-0.6
Ousmane Cisse,2001,46,-20
Antonis Fotsis,2001,47,-20
Ken Johnson,2001,48,-20
Ruben Boumtje-Boumtje,2001,49,-20
Alton Ford,2001,50,-20
Andre Hutson,2001,51,-20
Jarron Collins,2001,52,0.5
Kenny Satterfield,2001,53,-1.1
Maurice Jeffers,2001,54,-20
Robertas Javtokas,2001,55,-20
Alvin Jones,2001,56,-20
Bryan Bracey,2001,57,-20
Yao Ming,2002,1,17
Jay Williams,2002,2,-0.1
Mike Dunleavy,2002,3,15.9
Drew Gooden,2002,4,2.3
Nikoloz Tskitishvili,2002,5,-2.1
Dajuan Wagner,2002,6,-2
Nene Hilario,2002,7,23.4
Chris Wilcox,2002,8,1.2
Amar'e Stoudemire,2002,9,16.8
Caron Butler,2002,10,15.9
Jared Jeffries,2002,11,3.8
Melvin Ely,2002,12,-2.4
Marcus Haislip,2002,13,-20
Fred Jones,2002,14,2.8
Bostjan Nachbar,2002,15,-0.4
Jiri Welsch,2002,16,-0.1
Juan Dixon,2002,17,-2.1
Curtis Borchardt,2002,18,-0.1
Ryan Humphrey,2002,19,-20
Kareem Rush,2002,20,-3.2
Qyntel Woods,2002,21,-0.5
Casey Jacobsen,2002,22,-0.4
Tayshaun Prince,2002,23,16.6
Nenad Krstic,2002,24,-1.5
Frank Williams,2002,25,-20
John Salmons,2002,26,5.8
Chris Jefferies,2002,27,-20
Dan Dickau,2002,28,-0.4
Steve Logan,2002,29,-20
Roger Mason,2002,30,0.5
Robert Archibald,2002,31,-20
Vincent Yarbrough,2002,32,-0.1
Dan Gadzuric,2002,33,1.3
Carlos Boozer,2002,34,22.1
Milos Vujanic,2002,35,-20
David Andersen,2002,36,-0.7
Tito Maddox,2002,37,-20
Rod Grizzard,2002,38,-20
Juan Carlos Navarro,2002,39,-0.1
Mario Kasun,2002,40,-20
Ronald Murray,2002,41,-2.6
Jason Jennings,2002,42,-20
Lonny Baxter,2002,43,-1.5
Sam Clancy,2002,44,-20
Matt Barnes,2002,45,16.1
Jamal Sampson,2002,46,-20
Chris Owens,2002,47,-20
Peter Fehse,2002,48,-20
Darius Songaila,2002,49,0.7
Federico Kammerichs,2002,50,-20
Marcus Taylor,2002,51,-20
Rasual Butler,2002,52,-0.4
Tamar Slay,2002,53,-20
Mladen Sekularac,2002,54,-20
Luis Scola,2002,55,7.2
Randy Holcomb,2002,56,-20
Corsley Edwards,2002,57,-20
LeBron James,2003,1,108.6
Darko Milicic,2003,2,0.8
Carmelo Anthony,2003,3,28.6
Chris Bosh,2003,4,27.5
Dwyane Wade,2003,5,56.4
Chris Kaman,2003,6,0
Kirk Hinrich,2003,7,14.7
T.J. Ford,2003,8,3.6
Mike Sweetney,2003,9,-0.1
Jarvis Hayes,2003,10,-2.2
Mickael Pietrus,2003,11,3.4
Nick Collison,2003,12,11.4
Marcus Banks,2003,13,-0.6
Luke Ridnour,2003,14,5.8
Reece Gaines,2003,15,-20
Troy Bell,2003,16,-20
Zarko Cabarkapa,2003,17,-1.3
David West,2003,18,23.6
Sasha Pavlovic,2003,19,-3.2
Dahntay Jones,2003,20,-4.1
Boris Diaw,2003,21,19.8
Zoran Planinic,2003,22,-0.9
Travis Outlaw,2003,23,-0.9
Brian Cook,2003,24,-0.6
Carlos Delfino,2003,25,8.1
Ndudi Ebi,2003,26,-20
Kendrick Perkins,2003,27,7
Leandro Barbosa,2003,28,7.9
Josh Howard,2003,29,10.3
Maciej Lampe,2003,30,-20
Jason Kapono,2003,31,-2.3
Luke Walton,2003,32,1.9
Jerome Beasley,2003,33,-20
Sofoklis Schortsanitis,2003,34,-20
Szymon Szewczyk,2003,35,-20
Mario Austin,2003,36,-20
Travis Hansen,2003,37,-20
Steve Blake,2003,38,1.3
Slavko Vranes,2003,39,-20
Derrick Zimmerman,2003,40,-20
Willie Green,2003,41,-5.9
Zaza Pachulia,2003,42,6.9
Keith Bogans,2003,43,4.5
Malick Badiane,2003,44,-20
Matt Bonner,2003,45,10.1
Sani Becirovic,2003,46,-20
Mo Williams,2003,47,8.9
James Lang,2003,48,-20
James Jones,2003,49,4
Paccelis Morlende,2003,50,-20
Kyle Korver,2003,51,19.4
Remon Van de Hare,2003,52,-20
Tommy Smith,2003,53,-20
Nedzad Sinanovic,2003,54,-20
Rick Rickert,2003,55,-20
Brandon Hunter,2003,56,-20
Xue Yuyang,2003,57,-20
Andreas Glyniadakis,2003,58,-20
Dwight Howard,2004,1,36.5
Emeka Okafor,2004,2,7.5
Ben Gordon,2004,3,4.7
Shaun Livingston,2004,4,1.9
Devin Harris,2004,5,13.3
Josh Childress,2004,6,8.6
Luol Deng,2004,7,22.7
Rafael Araujo,2004,8,-1.8
Andre Iguodala,2004,9,40.5
Luke Jackson,2004,10,-20
Andris Biedrins,2004,11,8.6
Robert Swift,2004,12,-0.8
Sebastian Telfair,2004,13,-5.8
Kris Humphries,2004,14,0.2
Al Jefferson,2004,15,15.1
Kirk Snyder,2004,16,0
Josh Smith,2004,17,30
J.R. Smith,2004,18,14.3
Dorell Wright,2004,19,7.4
Jameer Nelson,2004,20,13.2
Pavel Podkolzin,2004,21,-20
Viktor Khryapa,2004,22,0.1
Sergei Monia,2004,23,-20
Delonte West,2004,24,7.6
Tony Allen,2004,25,12.6
Kevin Martin,2004,26,11.3
Sasha Vujacic,2004,27,2.2
Beno Udrih,2004,28,2.1
David Harrison,2004,29,-1
Anderson Varejao,2004,30,13.3
Jackson Vroman,2004,31,-0.5
Peter John Ramos,2004,32,-20
Lionel Chalmers,2004,33,-20
Donta Smith,2004,34,-20
Andre Emmett,2004,35,-20
Antonio Burks,2004,36,-20
Royal Ivey,2004,37,-2.8
Chris Duhon,2004,38,2
Albert Miralles,2004,39,-20
Justin Reed,2004,40,-1.4
David Young,2004,41,-20
Viktor Sanikidze,2004,42,-20
Trevor Ariza,2004,43,20.8
Tim Pickett,2004,44,-20
Bernard Robinson,2004,45,0
Ha Seung-Jin,2004,46,-20
Pape Sow,2004,47,-20
Ricky Minard,2004,48,-20
Sergei Lishouk,2004,49,-20
Vassilis Spanoulis,2004,50,-20
Christian Drejer,2004,51,-20
Romain Sato,2004,52,-20
Matt Freije,2004,53,-20
Rickey Paulding,2004,54,-20
Luis Flores,2004,55,-20
Marcus Douthit,2004,56,-20
Sergei Karaulov,2004,57,-20
Blake Stepp,2004,58,-20
Rashad Wright,2004,59,-20
Andrew Bogut,2005,1,21.2
Marvin Williams,2005,2,8.6
Deron Williams,2005,3,23.9
Chris Paul,2005,4,66.4
Raymond Felton,2005,5,10
Martell Webster,2005,6,4.6
Charlie Villanueva,2005,7,0.6
Channing Frye,2005,8,8.6
Ike Diogu,2005,9,-2
Andrew Bynum,2005,10,9
Fran Vazquez,2005,11,-20
Yaroslav Korolev,2005,12,-20
Sean May,2005,13,-0.2
Rashad McCants,2005,14,-0.6
Antoine Wright,2005,15,-1.5
Joey Graham,2005,16,-2.8
Danny Granger,2005,17,16.1
Gerald Green,2005,18,-0.7
Hakim Warrick,2005,19,-2.9
Julius Hodge,2005,20,-20
Nate Robinson,2005,21,7.8
Jarrett Jack,2005,22,5.7
Francisco Garcia,2005,23,4.9
Luther Head,2005,24,3.2
Johan Petro,2005,25,-4
Jason Maxiell,2005,26,0.1
Linas Kleiza,2005,27,-0.9
Ian Mahinmi,2005,28,3.1
Wayne Simien,2005,29,-20
David Lee,2005,30,20.3
Salim Stoudamire,2005,31,-2.1
Daniel Ewing,2005,32,-0.7
Brandon Bass,2005,33,3.5
C.J. Miles,2005,34,3.4
Ricky Sanchez,2005,35,-20
Ersan Ilyasova,2005,36,6.3
Ronny Turiaf,2005,37,6
Travis Diener,2005,38,0.1
Von Wafer,2005,39,-0.7
Monta Ellis,2005,40,12.5
Roko Ukic,2005,41,-20
Chris Taft,2005,42,-20
Mile Ilic,2005,43,-20
Martynas Andriuskevicius,2005,44,-20
Louis Williams,2005,45,8.3
Erazem Lorbek,2005,46,-20
Bracey Wright,2005,47,-20
Mickael Gelabale,2005,48,0
Andray Blatche,2005,49,5.4
Ryan Gomes,2005,50,2.3
Robert Whaley,2005,51,-20
Axel Hervelle,2005,52,-20
Orien Greene,2005,53,-0.7
Dijon Thompson,2005,54,-20
Lawrence Roberts,2005,55,0.2
Amir Johnson,2005,56,17.4
Marcin Gortat,2005,57,11.3
Uros Slokar,2005,58,-20
Cenk Akyol,2005,59,-20
Alex Acker,2005,60,-20
Andrea Bargnani,2006,1,-0.9
LaMarcus Aldridge,2006,2,20.7
Adam Morrison,2006,3,-2.9
Tyrus Thomas,2006,4,1.7
Shelden Williams,2006,5,-1.2
Brandon Roy,2006,6,15.2
Randy Foye,2006,7,4
Rudy Gay,2006,8,16.1
Patrick O'Bryant,2006,9,-20
Mouhamed Sene,2006,10,-20
J.J. Redick,2006,11,8.1
Hilton Armstrong,2006,12,-0.7
Thabo Sefolosha,2006,13,12
Ronnie Brewer,2006,14,10.7
Cedric Simmons,2006,15,-20
Rodney Carney,2006,16,-0.8
Shawne Williams,2006,17,0
Oleksiy Pecherov,2006,18,-1.3
Quincy Douby,2006,19,-1.3
Renaldo Balkman,2006,20,2.2
Rajon Rondo,2006,21,20.9
Marcus Williams,2006,22,-2
Josh Boone,2006,23,0.1
Kyle Lowry,2006,24,26.6
Shannon Brown,2006,25,-0.6
Jordan Farmar,2006,26,1.6
Sergio Rodriguez,2006,27,-0.9
Maurice Ager,2006,28,-20
Mardy Collins,2006,29,-2
Joel Freeland,2006,30,-0.2
James White,2006,31,-20
Steve Novak,2006,32,1.6
Solomon Jones,2006,33,-0.7
Paul Davis,2006,34,-20
P.J. Tucker,2006,35,7.1
Craig Smith,2006,36,0.9
Bobby Jones,2006,37,-20
Kosta Perovic,2006,38,-20
David Noel,2006,39,-20
Denham Brown,2006,40,-20
James Augustine,2006,41,-20
Daniel Gibson,2006,42,2.3
Marcus Vinicius,2006,43,-20
Lior Eliyahu,2006,44,-20
Alexander Johnson,2006,45,-0.7
Dee Brown,2006,46,-20
Paul Millsap,2006,47,30.8
Vladimir Veremeenko,2006,48,-20
Leon Powe,2006,49,-0.2
Ryan Hollins,2006,50,-1
Cheikh Samb,2006,51,-20
Guillermo Diaz,2006,52,-20
Yotam Halperin,2006,53,-20
Hassan Adams,2006,54,-20
Ejike Ugboaja,2006,55,-20
Edin Bavcic,2006,56,-20
Loukas Mavrokefalidis,2006,57,-20
J.R. Pinnock,2006,58,-20
Damir Markota,2006,59,-20
Will Blalock,2006,60,-20
Greg Oden,2007,1,1.6
Kevin Durant,2007,2,41.7
Al Horford,2007,3,24.4
Mike Conley,2007,4,18
Jeff Green,2007,5,4.9
Yi Jianlian,2007,6,-4.1
Corey Brewer,2007,7,4.4
Brandan Wright,2007,8,5.7
Joakim Noah,2007,9,26.7
Spencer Hawes,2007,10,4.6
Acie Law,2007,11,-2
Thaddeus Young,2007,12,11.7
Julian Wright,2007,13,0.5
Al Thornton,2007,14,-3.1
Rodney Stuckey,2007,15,3.4
Nick Young,2007,16,-5.7
Sean Williams,2007,17,0
Marco Belinelli,2007,18,1.2
Javaris Crittenton,2007,19,-1.1
Jason Smith,2007,20,-1.4
Daequan Cook,2007,21,-2.4
Jared Dudley,2007,22,14.2
Wilson Chandler,2007,23,4.6
Rudy Fernandez,2007,24,5.7
Morris Almond,2007,25,-20
Aaron Brooks,2007,26,1.5
Arron Afflalo,2007,27,5.8
Tiago Splitter,2007,28,6.8
Alando Tucker,2007,29,-20
Petteri Koponen,2007,30,-20
Carl Landry,2007,31,2.6
Gabe Pruitt,2007,32,-20
Marcus Williams,2007,33,-20
Nick Fazekas,2007,34,-20
Glen Davis,2007,35,-0.8
Jermareo Davidson,2007,36,-20
Josh McRoberts,2007,37,6.2
Kyrylo Fesenko,2007,38,-0.6
Stanko Barac,2007,39,-20
Sun Yue,2007,40,-20
Chris Richard,2007,41,-20
Derrick Byars,2007,42,-20
Adam Haluska,2007,43,-20
Reyshawn Terry,2007,44,-20
Jared Jordan,2007,45,-20
Stephane Lasme,2007,46,-20
Dominic McGuire,2007,47,0.6
Marc Gasol,2007,48,27.2
Aaron Gray,2007,49,0.2
Renaldas Seibutis,2007,50,-20
JamesOn Curry,2007,51,-20
Taurean Green,2007,52,-20
Demetris Nichols,2007,53,-20
Brad Newley,2007,54,-20
Herbert Hill,2007,55,-20
Ramon Sessions,2007,56,1.3
Sammy Mejia,2007,57,-20
Giorgos Printezis,2007,58,-20
D.J. Strawberry,2007,59,-20
Milovan Rakovic,2007,60,-20
Derrick Rose,2008,1,10.6
Michael Beasley,2008,2,-4.2
O.J. Mayo,2008,3,5.1
Russell Westbrook,2008,4,36.1
Kevin Love,2008,5,22.1
Danilo Gallinari,2008,6,9.6
Eric Gordon,2008,7,5.3
Joe Alexander,2008,8,-20
D.J. Augustin,2008,9,2
Brook Lopez,2008,10,11.2
Jerryd Bayless,2008,11,0.8
Jason Thompson,2008,12,1.3
Brandon Rush,2008,13,0.7
Anthony Randolph,2008,14,-0.1
Robin Lopez,2008,15,8.2
Marreese Speights,2008,16,-2.9
Roy Hibbert,2008,17,9
JaVale McGee,2008,18,2.3
J.J. Hickson,2008,19,-0.9
Alexis Ajinca,2008,20,-0.2
Ryan Anderson,2008,21,9.8
Courtney Lee,2008,22,7.5
Kosta Koufos,2008,23,2.4
Serge Ibaka,2008,24,11.1
Nicolas Batum,2008,25,21.3
George Hill,2008,26,15.8
Darrell Arthur,2008,27,0.2
Donte Greene,2008,28,-2
D.J. White,2008,29,-0.7
J.R. Giddens,2008,30,-20
Nikola Pekovic,2008,31,2
Walter Sharpe,2008,32,-20
Joey Dorsey,2008,33,0.3
Mario Chalmers,2008,34,10.1
DeAndre Jordan,2008,35,15.6
Omer Asik,2008,36,1.5
Luc Mbah a Moute,2008,37,2.9
Kyle Weaver,2008,38,0.3
Sonny Weems,2008,39,-1.9
Chris Douglas-Roberts,2008,40,-1
Nathan Jawai,2008,41,-20
Sean Singletary,2008,42,-20
Patrick Ewing,2008,43,-20
Ante Tomic,2008,44,-20
Goran Dragic,2008,45,12.4
Trent Plaisted,2008,46,-20
Bill Walker,2008,47,0.5
Malik Hairston,2008,48,-20
Richard Hendrix,2008,49,-20
DeVon Hardin,2008,50,-20
Shan Foster,2008,51,-20
Darnell Jackson,2008,52,-0.7
Tadija Dragicevic,2008,53,-20
Maarty Leunen,2008,54,-20
Mike Taylor,2008,55,-20
Sasha Kaun,2008,56,-20
James Gist,2008,57,-20
Joe Crawford,2008,58,-20
Deron Washington,2008,59,-20
Semih Erden,2008,60,-20